"variable","lower","upper","distribution","label","Description"
"lo_n_households",3,10,"posnorm","Households hosting the path","PLACEHOLDER range - to be elicited from this stakeholder group"
"lo_land_value_per_ha",8000,40000,"posnorm","Value of land given up (USD/ha)","PLACEHOLDER range - to be elicited from this stakeholder group"
"lo_parcel_value",3e+05,9e+05,"posnorm","Value of a remaining home parcel (USD)","PLACEHOLDER range - to be elicited from this stakeholder group"
"lo_uplift_pct",0,0.06,"unif","Parcel value uplift from path access (fraction)","PLACEHOLDER range - to be elicited from this stakeholder group"
"lo_liability_cost_yr",100,600,"posnorm","Extra insurance/liability cost per household (USD/yr)","PLACEHOLDER range - to be elicited from this stakeholder group"
"lo_privacy_pts_per_1000_trips",0.05,0.4,"posnorm","Wellbeing lost per household per 1000 passing trips (pts)","PLACEHOLDER range - to be elicited from this stakeholder group"
"lo_pride_pts",0.5,3,"posnorm","Wellbeing from contributing to the community (pts/household/yr)","PLACEHOLDER range - to be elicited from this stakeholder group"
"lo_donation_pride_pts",0.5,3,"posnorm","Extra wellbeing from donating the easement (pts/household/yr)","PLACEHOLDER range - to be elicited from this stakeholder group"
"lo_discount_rate",0.04,0.1,"tnorm_0_1","Discount rate (landowners)","PLACEHOLDER range - to be elicited from this stakeholder group"
