"profile","landowners","neighbors","forest_managers","ecosystem","cyclists","hikers_walkers","drivers_residents","snowbowl","town_finance","tourism_business","climate_future"
"nothing/refuse/free_ride/free_ride",0,0,0,0,0,0,0,0,0,0,0
"shoulders/refuse/free_ride/free_ride",0.000556221088114162,-0.0116131451039468,-0.154750364229575,-0.150093792049662,0.0813087375240507,-0.0254140896062131,-0.187679004107391,0.011620698928563,-0.0228087796098415,0.0295500867112869,-0.0796063228154203
"path/refuse/free_ride/free_ride",0,0.00153436081630051,-0.064603150757956,-0.119015587161938,0.00965234520310188,-0.0332836708869603,-0.0559883539117601,0.0502288941100953,-0.0671016527226071,0.0960429972142502,-0.0669871518199881
"nothing/one_off/free_ride/free_ride",0,0,0,0,0,0,0,0,0,0,0
"shoulders/one_off/free_ride/free_ride",0.000556221088114162,-0.0116131451039468,-0.154750364229575,-0.150093792049662,0.0813087375240507,-0.0254140896062131,-0.187679004107391,0.011620698928563,-0.0228087796098415,0.0295500867112869,-0.0796063228154203
"path/one_off/free_ride/free_ride",0.0106052961387684,-0.0284989933412743,-0.161507876894889,-0.362078591458918,0.330618479269258,-0.181808368580427,0.129000907657424,0.125572235275239,-0.125332115870108,0.240107493035625,-0.167467879549971
"nothing/annual/free_ride/free_ride",0,0,0,0,0,0,0,0,0,0,0
"shoulders/annual/free_ride/free_ride",0.000556221088114162,-0.0116131451039468,-0.154750364229575,-0.150093792049662,0.0813087375240507,-0.0254140896062131,-0.187679004107391,0.011620698928563,-0.0228087796098415,0.0295500867112869,-0.0796063228154203
"path/annual/free_ride/free_ride",-0.0256970092016127,-0.0284989933412743,-0.161507876894889,-0.362078591458918,0.330618479269258,-0.181808368580427,0.129000907657424,0.125572235275239,-0.101137412473301,0.240107493035625,-0.167467879549971
"nothing/donate/free_ride/free_ride",0,0,0,0,0,0,0,0,0,0,0
"shoulders/donate/free_ride/free_ride",0.000556221088114162,-0.0116131451039468,-0.154750364229575,-0.150093792049662,0.0813087375240507,-0.0254140896062131,-0.187679004107391,0.011620698928563,-0.0228087796098415,0.0295500867112869,-0.0796063228154203
"path/donate/free_ride/free_ride",0.0402116618122629,-0.0284989933412743,-0.161507876894889,-0.362078591458918,0.330618479269258,-0.181808368580427,0.129000907657424,0.125572235275239,-0.0315404157464003,0.240107493035625,-0.167467879549971
"nothing/refuse/contribute/free_ride",0,0,0,0,0,0,0,0,0,0,0
"shoulders/refuse/contribute/free_ride",0.000556221088114162,-0.0116131451039468,-0.154750364229575,-0.150093792049662,0.0813087375240507,-0.0254140896062131,-0.187679004107391,0.00716200584915509,-0.0178459640174193,0.0295500867112869,-0.0796063228154203
"path/refuse/contribute/free_ride",0,0.00153436081630051,-0.064603150757956,-0.119015587161938,0.00965234520310188,-0.0332836708869603,-0.0559883539117601,0.0502288941100953,-0.0671016527226071,0.0960429972142502,-0.0669871518199881
"nothing/one_off/contribute/free_ride",0,0,0,0,0,0,0,0,0,0,0
"shoulders/one_off/contribute/free_ride",0.000556221088114162,-0.0116131451039468,-0.154750364229575,-0.150093792049662,0.0813087375240507,-0.0254140896062131,-0.187679004107391,0.00716200584915509,-0.0178459640174193,0.0295500867112869,-0.0796063228154203
"path/one_off/contribute/free_ride",0.0106052961387684,-0.0284989933412743,-0.161507876894889,-0.362078591458918,0.330618479269258,-0.181808368580427,0.129000907657424,0.0878904318208197,-0.0833898160966929,0.240107493035625,-0.167467879549971
"nothing/annual/contribute/free_ride",0,0,0,0,0,0,0,0,0,0,0
"shoulders/annual/contribute/free_ride",0.000556221088114162,-0.0116131451039468,-0.154750364229575,-0.150093792049662,0.0813087375240507,-0.0254140896062131,-0.187679004107391,0.00716200584915509,-0.0178459640174193,0.0295500867112869,-0.0796063228154203
"path/annual/contribute/free_ride",-0.0256970092016127,-0.0284989933412743,-0.161507876894889,-0.362078591458918,0.330618479269258,-0.181808368580427,0.129000907657424,0.108899316776878,-0.0699655314228379,0.240107493035625,-0.167467879549971
"nothing/donate/contribute/free_ride",0,0,0,0,0,0,0,0,0,0,0
"shoulders/donate/contribute/free_ride",0.000556221088114162,-0.0116131451039468,-0.154750364229575,-0.150093792049662,0.0813087375240507,-0.0254140896062131,-0.187679004107391,0.00716200584915509,-0.0178459640174193,0.0295500867112869,-0.0796063228154203
"path/donate/contribute/free_ride",0.0402116618122629,-0.0284989933412743,-0.161507876894889,-0.362078591458918,0.330618479269258,-0.181808368580427,0.129000907657424,0.125572235275239,-0.0315404157464003,0.240107493035625,-0.167467879549971
"nothing/refuse/free_ride/contribute",0,0,0,0,0,0,0,0,0,0,0
"shoulders/refuse/free_ride/contribute",0.000556221088114162,-0.0116131451039468,-0.154750364229575,-0.150093792049662,0.0813087375240507,-0.0254140896062131,-0.187679004107391,0.011620698928563,-0.0222419489938773,0.0251414594622996,-0.0796063228154203
"path/refuse/free_ride/contribute",0,0.00153436081630051,-0.064603150757956,-0.119015587161938,0.00965234520310188,-0.0332836708869603,-0.0559883539117601,0.0502288941100953,-0.0671016527226071,0.0960429972142502,-0.0669871518199881
"nothing/one_off/free_ride/contribute",0,0,0,0,0,0,0,0,0,0,0
"shoulders/one_off/free_ride/contribute",0.000556221088114162,-0.0116131451039468,-0.154750364229575,-0.150093792049662,0.0813087375240507,-0.0254140896062131,-0.187679004107391,0.011620698928563,-0.0222419489938773,0.0251414594622996,-0.0796063228154203
"path/one_off/free_ride/contribute",0.0106052961387684,-0.0284989933412743,-0.161507876894889,-0.362078591458918,0.330618479269258,-0.181808368580427,0.129000907657424,0.125572235275239,-0.120503146409137,0.202549312953995,-0.167467879549971
"nothing/annual/free_ride/contribute",0,0,0,0,0,0,0,0,0,0,0
"shoulders/annual/free_ride/contribute",0.000556221088114162,-0.0116131451039468,-0.154750364229575,-0.150093792049662,0.0813087375240507,-0.0254140896062131,-0.187679004107391,0.011620698928563,-0.0222419489938773,0.0251414594622996,-0.0796063228154203
"path/annual/free_ride/contribute",-0.0256970092016127,-0.0284989933412743,-0.161507876894889,-0.362078591458918,0.330618479269258,-0.181808368580427,0.129000907657424,0.125572235275239,-0.097545105391942,0.223578630173331,-0.167467879549971
"nothing/donate/free_ride/contribute",0,0,0,0,0,0,0,0,0,0,0
"shoulders/donate/free_ride/contribute",0.000556221088114162,-0.0116131451039468,-0.154750364229575,-0.150093792049662,0.0813087375240507,-0.0254140896062131,-0.187679004107391,0.011620698928563,-0.0222419489938773,0.0251414594622996,-0.0796063228154203
"path/donate/free_ride/contribute",0.0402116618122629,-0.0284989933412743,-0.161507876894889,-0.362078591458918,0.330618479269258,-0.181808368580427,0.129000907657424,0.125572235275239,-0.0315404157464003,0.240107493035625,-0.167467879549971
"nothing/refuse/contribute/contribute",0,0,0,0,0,0,0,0,0,0,0
"shoulders/refuse/contribute/contribute",0.000556221088114162,-0.0116131451039468,-0.154750364229575,-0.150093792049662,0.0813087375240507,-0.0254140896062131,-0.187679004107391,0.00716200584915509,-0.0172791334014551,0.0251414594622996,-0.0796063228154203
"path/refuse/contribute/contribute",0,0.00153436081630051,-0.064603150757956,-0.119015587161938,0.00965234520310188,-0.0332836708869603,-0.0559883539117601,0.0502288941100953,-0.0671016527226071,0.0960429972142502,-0.0669871518199881
"nothing/one_off/contribute/contribute",0,0,0,0,0,0,0,0,0,0,0
"shoulders/one_off/contribute/contribute",0.000556221088114162,-0.0116131451039468,-0.154750364229575,-0.150093792049662,0.0813087375240507,-0.0254140896062131,-0.187679004107391,0.00716200584915509,-0.0172791334014551,0.0251414594622996,-0.0796063228154203
"path/one_off/contribute/contribute",0.0106052961387684,-0.0284989933412743,-0.161507876894889,-0.362078591458918,0.330618479269258,-0.181808368580427,0.129000907657424,0.0878904318208197,-0.0785608466357214,0.202549312953995,-0.167467879549971
"nothing/annual/contribute/contribute",0,0,0,0,0,0,0,0,0,0,0
"shoulders/annual/contribute/contribute",0.000556221088114162,-0.0116131451039468,-0.154750364229575,-0.150093792049662,0.0813087375240507,-0.0254140896062131,-0.187679004107391,0.00716200584915509,-0.0172791334014551,0.0251414594622996,-0.0796063228154203
"path/annual/contribute/contribute",-0.0256970092016127,-0.0284989933412743,-0.161507876894889,-0.362078591458918,0.330618479269258,-0.181808368580427,0.129000907657424,0.108899316776878,-0.0663732243414794,0.223578630173331,-0.167467879549971
"nothing/donate/contribute/contribute",0,0,0,0,0,0,0,0,0,0,0
"shoulders/donate/contribute/contribute",0.000556221088114162,-0.0116131451039468,-0.154750364229575,-0.150093792049662,0.0813087375240507,-0.0254140896062131,-0.187679004107391,0.00716200584915509,-0.0172791334014551,0.0251414594622996,-0.0796063228154203
"path/donate/contribute/contribute",0.0402116618122629,-0.0284989933412743,-0.161507876894889,-0.362078591458918,0.330618479269258,-0.181808368580427,0.129000907657424,0.125572235275239,-0.0315404157464003,0.240107493035625,-0.167467879549971
