"profile","nash_prob","nash_at_mean","pay_town","pay_landowners","pay_business","outcome"
"nothing/refuse/free_ride",0.438,TRUE,0,0,0,"status_quo"
"shoulders/refuse/free_ride",0.141333333333333,FALSE,-0.0200937782012412,0.00200765806687934,0.0289861184807073,"shoulders_0"
"path/refuse/free_ride",0.100666666666667,FALSE,-0.0115382304004631,0,0.0954560164510371,"partial_nohost"
"nothing/one_off/free_ride",0.252,FALSE,0,0,0,"status_quo"
"shoulders/one_off/free_ride",0.0433333333333333,FALSE,-0.0200937782012412,0.00200765806687934,0.0289861184807073,"shoulders_0"
"path/one_off/free_ride",0.128666666666667,FALSE,0.0647999603367772,0.0157022635091738,0.238640041127593,"carriage_path_0"
"nothing/annual/free_ride",0.222,FALSE,0,0,0,"status_quo"
"shoulders/annual/free_ride",0.0393333333333333,FALSE,-0.0200937782012412,0.00200765806687934,0.0289861184807073,"shoulders_0"
"path/annual/free_ride",0.00666666666666667,FALSE,0.0728680656945342,-0.0221206673170157,0.238640041127593,"path_annual_0"
"nothing/donate/free_ride",0.162666666666667,FALSE,0,0,0,"status_quo"
"shoulders/donate/free_ride",0.034,FALSE,-0.0200937782012412,0.00200765806687934,0.0289861184807073,"shoulders_0"
"path/donate/free_ride",0.381333333333333,TRUE,0.0927619014372934,0.0482702587774114,0.238640041127593,"path_donated_0"
"nothing/refuse/contribute",0.438,TRUE,0,0,0,"status_quo"
"shoulders/refuse/contribute",0,FALSE,-0.0199259127410786,0.00200765806687934,0.0246265949507394,"shoulders_1"
"path/refuse/contribute",0.100666666666667,FALSE,-0.0115382304004631,0,0.0954560164510371,"partial_nohost"
"nothing/one_off/contribute",0.246666666666667,FALSE,0,0,0,"status_quo"
"shoulders/one_off/contribute",0,FALSE,-0.0199259127410786,0.00200765806687934,0.0246265949507394,"shoulders_1"
"path/one_off/contribute",0,FALSE,0.0662684630872321,0.0157022635091738,0.200502521424426,"carriage_path_1"
"nothing/annual/contribute",0.22,FALSE,0,0,0,"status_quo"
"shoulders/annual/contribute",0,FALSE,-0.0199259127410786,0.00200765806687934,0.0246265949507394,"shoulders_1"
"path/annual/contribute",0,FALSE,0.0739010617376352,-0.0221206673170157,0.222657241369547,"path_annual_1"
"nothing/donate/contribute",0.162666666666667,FALSE,0,0,0,"status_quo"
"shoulders/donate/contribute",0,FALSE,-0.0199259127410786,0.00200765806687934,0.0246265949507394,"shoulders_1"
"path/donate/contribute",0.381333333333333,TRUE,0.0927619014372934,0.0482702587774114,0.238640041127593,"path_donated_1"
