"profile","nash_prob","nash_at_mean","pay_town","pay_landowners","pay_snowbowl","pay_business","outcome"
"nothing/refuse/free_ride/free_ride",0.696666666666667,TRUE,0,0,0,0,"status_quo"
"shoulders/refuse/free_ride/free_ride",0.153333333333333,FALSE,-0.0407334672715291,0.00055622108811416,0.011620698928563,0.029550086711287,"shoulders_00"
"path/refuse/free_ride/free_ride",0.028,FALSE,-0.0702562242698411,0,0.0230304898693324,0.0618998212346902,"partial_nohost_bind"
"nothing/one_off/free_ride/free_ride",0.538666666666667,TRUE,0,0,0,0,"status_quo"
"shoulders/one_off/free_ride/free_ride",0.094,FALSE,-0.0407334672715291,0.00055622108811416,0.011620698928563,0.029550086711287,"shoulders_00"
"path/one_off/free_ride/free_ride",0.0613333333333333,FALSE,-0.030881610259647,0.0106052961387684,0.0198944212189122,0.117191373005096,"carriage_path_11_bind"
"nothing/annual/free_ride/free_ride",0.506666666666667,TRUE,0,0,0,0,"status_quo"
"shoulders/annual/free_ride/free_ride",0.0893333333333333,FALSE,-0.0407334672715291,0.00055622108811416,0.011620698928563,0.029550086711287,"shoulders_00"
"path/annual/free_ride/free_ride",0.004,FALSE,-0.0186939879654049,-0.0256970092016127,0.0409033061749703,0.138220690224431,"path_annual_11_bind"
"nothing/donate/free_ride/free_ride",0.414,FALSE,0,0,0,0,"status_quo"
"shoulders/donate/free_ride/free_ride",0.0746666666666667,FALSE,-0.0407334672715291,0.00055622108811416,0.011620698928563,0.029550086711287,"shoulders_00"
"path/donate/free_ride/free_ride",0.240666666666667,TRUE,0.0161388206296741,0.0402116618122629,0.0575762246733309,0.154749553086726,"path_donated_11_bind"
"nothing/refuse/contribute/free_ride",0.677333333333333,TRUE,0,0,0,0,"status_quo"
"shoulders/refuse/contribute/free_ride",0,FALSE,-0.0357706516791068,0.00055622108811416,0.00716200584915508,0.029550086711287,"shoulders_10"
"path/refuse/contribute/free_ride",0.028,FALSE,-0.0702562242698411,0,0.0230304898693324,0.0618998212346902,"partial_nohost_bind"
"nothing/one_off/contribute/free_ride",0.525333333333333,TRUE,0,0,0,0,"status_quo"
"shoulders/one_off/contribute/free_ride",0,FALSE,-0.0357706516791068,0.00055622108811416,0.00716200584915508,0.029550086711287,"shoulders_10"
"path/one_off/contribute/free_ride",0.0613333333333333,FALSE,-0.030881610259647,0.0106052961387684,0.0198944212189122,0.117191373005096,"carriage_path_11_bind"
"nothing/annual/contribute/free_ride",0.494666666666667,TRUE,0,0,0,0,"status_quo"
"shoulders/annual/contribute/free_ride",0,FALSE,-0.0357706516791068,0.00055622108811416,0.00716200584915508,0.029550086711287,"shoulders_10"
"path/annual/contribute/free_ride",0.004,FALSE,-0.0186939879654049,-0.0256970092016127,0.0409033061749703,0.138220690224431,"path_annual_11_bind"
"nothing/donate/contribute/free_ride",0.402666666666667,FALSE,0,0,0,0,"status_quo"
"shoulders/donate/contribute/free_ride",0,FALSE,-0.0357706516791068,0.00055622108811416,0.00716200584915508,0.029550086711287,"shoulders_10"
"path/donate/contribute/free_ride",0.238666666666667,TRUE,0.0161388206296741,0.0402116618122629,0.0575762246733309,0.154749553086726,"path_donated_11_bind"
"nothing/refuse/free_ride/contribute",0.695333333333333,TRUE,0,0,0,0,"status_quo"
"shoulders/refuse/free_ride/contribute",0,FALSE,-0.0401666366555649,0.00055622108811416,0.011620698928563,0.0251414594622996,"shoulders_01"
"path/refuse/free_ride/contribute",0.028,FALSE,-0.0702562242698411,0,0.0230304898693324,0.0618998212346902,"partial_nohost_bind"
"nothing/one_off/free_ride/contribute",0.538,TRUE,0,0,0,0,"status_quo"
"shoulders/one_off/free_ride/contribute",0,FALSE,-0.0401666366555649,0.00055622108811416,0.011620698928563,0.0251414594622996,"shoulders_01"
"path/one_off/free_ride/contribute",0.0613333333333333,FALSE,-0.030881610259647,0.0106052961387684,0.0198944212189122,0.117191373005096,"carriage_path_11_bind"
"nothing/annual/free_ride/contribute",0.506,TRUE,0,0,0,0,"status_quo"
"shoulders/annual/free_ride/contribute",0,FALSE,-0.0401666366555649,0.00055622108811416,0.011620698928563,0.0251414594622996,"shoulders_01"
"path/annual/free_ride/contribute",0.004,FALSE,-0.0186939879654049,-0.0256970092016127,0.0409033061749703,0.138220690224431,"path_annual_11_bind"
"nothing/donate/free_ride/contribute",0.413333333333333,FALSE,0,0,0,0,"status_quo"
"shoulders/donate/free_ride/contribute",0,FALSE,-0.0401666366555649,0.00055622108811416,0.011620698928563,0.0251414594622996,"shoulders_01"
"path/donate/free_ride/contribute",0.24,TRUE,0.0161388206296741,0.0402116618122629,0.0575762246733309,0.154749553086726,"path_donated_11_bind"
"nothing/refuse/contribute/contribute",0.677333333333333,TRUE,0,0,0,0,"status_quo"
"shoulders/refuse/contribute/contribute",0,FALSE,-0.0352038210631426,0.00055622108811416,0.00716200584915508,0.0251414594622996,"shoulders_11"
"path/refuse/contribute/contribute",0.028,FALSE,-0.0702562242698411,0,0.0230304898693324,0.0618998212346902,"partial_nohost_bind"
"nothing/one_off/contribute/contribute",0.524666666666667,TRUE,0,0,0,0,"status_quo"
"shoulders/one_off/contribute/contribute",0,FALSE,-0.0352038210631426,0.00055622108811416,0.00716200584915508,0.0251414594622996,"shoulders_11"
"path/one_off/contribute/contribute",0.0613333333333333,FALSE,-0.030881610259647,0.0106052961387684,0.0198944212189122,0.117191373005096,"carriage_path_11_bind"
"nothing/annual/contribute/contribute",0.494,TRUE,0,0,0,0,"status_quo"
"shoulders/annual/contribute/contribute",0,FALSE,-0.0352038210631426,0.00055622108811416,0.00716200584915508,0.0251414594622996,"shoulders_11"
"path/annual/contribute/contribute",0.004,FALSE,-0.0186939879654049,-0.0256970092016127,0.0409033061749703,0.138220690224431,"path_annual_11_bind"
"nothing/donate/contribute/contribute",0.402666666666667,FALSE,0,0,0,0,"status_quo"
"shoulders/donate/contribute/contribute",0,FALSE,-0.0352038210631426,0.00055622108811416,0.00716200584915508,0.0251414594622996,"shoulders_11"
"path/donate/contribute/contribute",0.238666666666667,TRUE,0.0161388206296741,0.0402116618122629,0.0575762246733309,0.154749553086726,"path_donated_11_bind"
