"profile","landowners","neighbors","forest_managers","ecosystem","cyclists","hikers_walkers","drivers_residents","town","tourism_business","climate_future"
"nothing/refuse/free_ride",0,0,0,0,0,0,0,0,0,0
"shoulders/refuse/free_ride",0.0031741644355044,-0.0102772285102292,-0.158560136429395,-0.151421823430722,0.078650687502545,-0.0224563938446848,-0.180934698795329,-0.00321657399527892,0.0289861184807073,-0.0792708012887456
"path/refuse/free_ride",0,0.000947946220636416,-0.0694931995809421,-0.120701477546626,0.0130052160029024,-0.028748421207372,-0.0533524912498746,-0.00301976162124961,0.0954560164510373,-0.0639702682417386
"nothing/one_off/free_ride",0,0,0,0,0,0,0,0,0,0
"shoulders/one_off/free_ride",0.0031741644355044,-0.0102772285102292,-0.158560136429395,-0.151421823430722,0.078650687502545,-0.0224563938446848,-0.180934698795329,-0.00321657399527892,0.0289861184807073,-0.0792708012887456
"path/one_off/free_ride",-0.129035624307073,-0.0301656015329386,-0.173732998952355,-0.365918624897429,0.325577320587336,-0.170838261661059,0.130211579616926,0.0329518307104941,0.238640041127592,-0.159925670604346
"nothing/annual/free_ride",0,0,0,0,0,0,0,0,0,0
"shoulders/annual/free_ride",0.0031741644355044,-0.0102772285102292,-0.158560136429395,-0.151421823430722,0.078650687502545,-0.0224563938446848,-0.180934698795329,-0.00321657399527892,0.0289861184807073,-0.0792708012887456
"path/annual/free_ride",-0.153220926496158,-0.0301656015329386,-0.173732998952355,-0.365918624897429,0.325577320587336,-0.170838261661059,0.130211579616926,0.041019936068251,0.238640041127592,-0.159925670604346
"nothing/donate/free_ride",0,0,0,0,0,0,0,0,0,0
"shoulders/donate/free_ride",0.0031741644355044,-0.0102772285102292,-0.158560136429395,-0.151421823430722,0.078650687502545,-0.0224563938446848,-0.180934698795329,-0.00321657399527892,0.0289861184807073,-0.0792708012887456
"path/donate/free_ride",0.0497321283694533,-0.0301656015329386,-0.173732998952355,-0.365918624897429,0.325577320587336,-0.170838261661059,0.130211579616926,0.0609137718110103,0.238640041127592,-0.159925670604346
"nothing/refuse/contribute",0,0,0,0,0,0,0,0,0,0
"shoulders/refuse/contribute",0.0031741644355044,-0.0102772285102292,-0.158560136429395,-0.151421823430722,0.078650687502545,-0.0224563938446848,-0.180934698795329,-0.00304870853511634,0.0246265949507394,-0.0792708012887456
"path/refuse/contribute",0,0.000947946220636416,-0.0694931995809421,-0.120701477546626,0.0130052160029024,-0.028748421207372,-0.0533524912498746,-0.00301976162124961,0.0954560164510373,-0.0639702682417386
"nothing/one_off/contribute",0,0,0,0,0,0,0,0,0,0
"shoulders/one_off/contribute",0.0031741644355044,-0.0102772285102292,-0.158560136429395,-0.151421823430722,0.078650687502545,-0.0224563938446848,-0.180934698795329,-0.00304870853511634,0.0246265949507394,-0.0792708012887456
"path/one_off/contribute",-0.129035624307073,-0.0301656015329386,-0.173732998952355,-0.365918624897429,0.325577320587336,-0.170838261661059,0.130211579616926,0.034420333460949,0.200502521424426,-0.159925670604346
"nothing/annual/contribute",0,0,0,0,0,0,0,0,0,0
"shoulders/annual/contribute",0.0031741644355044,-0.0102772285102292,-0.158560136429395,-0.151421823430722,0.078650687502545,-0.0224563938446848,-0.180934698795329,-0.00304870853511634,0.0246265949507394,-0.0792708012887456
"path/annual/contribute",-0.153220926496158,-0.0301656015329386,-0.173732998952355,-0.365918624897429,0.325577320587336,-0.170838261661059,0.130211579616926,0.0420529321113521,0.222657241369547,-0.159925670604346
"nothing/donate/contribute",0,0,0,0,0,0,0,0,0,0
"shoulders/donate/contribute",0.0031741644355044,-0.0102772285102292,-0.158560136429395,-0.151421823430722,0.078650687502545,-0.0224563938446848,-0.180934698795329,-0.00304870853511634,0.0246265949507394,-0.0792708012887456
"path/donate/contribute",0.0497321283694533,-0.0301656015329386,-0.173732998952355,-0.365918624897429,0.325577320587336,-0.170838261661059,0.130211579616926,0.0609137718110103,0.238640041127592,-0.159925670604346
