"order","spe","outcome","outcome_label"
"town > landowners > snowbowl > business","nothing/refuse/free_ride/free_ride","status_quo","Status quo (nothing built)"
"town > landowners > business > snowbowl","nothing/refuse/free_ride/free_ride","status_quo","Status quo (nothing built)"
"town > snowbowl > landowners > business","nothing/refuse/free_ride/free_ride","status_quo","Status quo (nothing built)"
"town > snowbowl > business > landowners","nothing/refuse/free_ride/free_ride","status_quo","Status quo (nothing built)"
"town > business > landowners > snowbowl","nothing/refuse/free_ride/free_ride","status_quo","Status quo (nothing built)"
"town > business > snowbowl > landowners","nothing/refuse/free_ride/free_ride","status_quo","Status quo (nothing built)"
"landowners > town > snowbowl > business","nothing/refuse/free_ride/free_ride","status_quo","Status quo (nothing built)"
"landowners > town > business > snowbowl","nothing/refuse/free_ride/free_ride","status_quo","Status quo (nothing built)"
"landowners > snowbowl > town > business","nothing/refuse/free_ride/free_ride","status_quo","Status quo (nothing built)"
"landowners > snowbowl > business > town","nothing/refuse/free_ride/free_ride","status_quo","Status quo (nothing built)"
"landowners > business > town > snowbowl","nothing/refuse/free_ride/free_ride","status_quo","Status quo (nothing built)"
"landowners > business > snowbowl > town","nothing/refuse/free_ride/free_ride","status_quo","Status quo (nothing built)"
"snowbowl > town > landowners > business","nothing/refuse/free_ride/free_ride","status_quo","Status quo (nothing built)"
"snowbowl > town > business > landowners","nothing/refuse/free_ride/free_ride","status_quo","Status quo (nothing built)"
"snowbowl > landowners > town > business","nothing/refuse/free_ride/free_ride","status_quo","Status quo (nothing built)"
"snowbowl > landowners > business > town","nothing/refuse/free_ride/free_ride","status_quo","Status quo (nothing built)"
"snowbowl > business > town > landowners","nothing/refuse/free_ride/free_ride","status_quo","Status quo (nothing built)"
"snowbowl > business > landowners > town","nothing/refuse/free_ride/free_ride","status_quo","Status quo (nothing built)"
"business > town > landowners > snowbowl","nothing/refuse/free_ride/free_ride","status_quo","Status quo (nothing built)"
"business > town > snowbowl > landowners","nothing/refuse/free_ride/free_ride","status_quo","Status quo (nothing built)"
"business > landowners > town > snowbowl","nothing/refuse/free_ride/free_ride","status_quo","Status quo (nothing built)"
"business > landowners > snowbowl > town","nothing/refuse/free_ride/free_ride","status_quo","Status quo (nothing built)"
"business > snowbowl > town > landowners","nothing/refuse/free_ride/free_ride","status_quo","Status quo (nothing built)"
"business > snowbowl > landowners > town","nothing/refuse/free_ride/free_ride","status_quo","Status quo (nothing built)"
