"mechanism","w_town_on_residents","prob_status_quo_stable","prob_path_stable","stable_at_mean","most_likely_stable","prob_of_that","sequential_town_first"
"voluntary",0,0.744666666666667,0.234666666666667,"Status quo (nothing built)","Status quo (nothing built)",0.744666666666667,"Status quo (nothing built)"
"voluntary",0.25,0.762,0.280666666666667,"Status quo (nothing built)","Status quo (nothing built)",0.762,"Status quo (nothing built)"
"voluntary",0.5,0.762666666666667,0.315333333333333,"Status quo (nothing built)","Status quo (nothing built)",0.762666666666667,"Status quo (nothing built)"
"voluntary",1,0.738,0.378666666666667,"Status quo (nothing built) | Path, donated easement; Snow Bowl free-rides, business free-rides | Path, donated easement; Snow Bowl free-rides, business pays | Path, donated easement; Snow Bowl pays, business free-rides | Path, donated easement; Snow Bowl pays, business pays","Status quo (nothing built)",0.738,"Path, donated easement; Snow Bowl free-rides, business free-rides"
"voluntary",2,0.676666666666667,0.434666666666667,"Status quo (nothing built) | Path, donated easement; Snow Bowl free-rides, business free-rides | Path, donated easement; Snow Bowl free-rides, business pays | Path, donated easement; Snow Bowl pays, business free-rides | Path, donated easement; Snow Bowl pays, business pays","Status quo (nothing built)",0.676666666666667,"Path, donated easement; Snow Bowl free-rides, business free-rides"
"binding",0,0.703333333333333,0.276,"Status quo (nothing built)","Status quo (nothing built)",0.703333333333333,"Status quo (nothing built)"
"binding",0.25,0.716,0.315333333333333,"Status quo (nothing built) | Path, donated easement; binding cost-sharing","Status quo (nothing built)",0.716,"Path, donated easement; binding cost-sharing"
"binding",0.5,0.718,0.362666666666667,"Status quo (nothing built) | Path, donated easement; binding cost-sharing","Status quo (nothing built)",0.718,"Path, donated easement; binding cost-sharing"
"binding",1,0.693333333333333,0.412666666666667,"Status quo (nothing built) | Path, donated easement; binding cost-sharing","Status quo (nothing built)",0.693333333333333,"Path, donated easement; binding cost-sharing"
"binding",2,0.646666666666667,0.459333333333333,"Status quo (nothing built) | Path, donated easement; binding cost-sharing","Status quo (nothing built)",0.646666666666667,"Path, donated easement; binding cost-sharing"
