"outcome","label","nash_prob","nash_at_mean","pay_town","pay_landowners","pay_business","pareto_efficient_agents"
"path_donated_0","Path, donated easement; business free-rides",0.534666666666667,TRUE,0.0927619014372934,0.0497321283694532,0.238640041127593,TRUE
"path_donated_1","Path, donated easement; business pays",0.534666666666667,TRUE,0.0927619014372934,0.0497321283694532,0.238640041127593,TRUE
"status_quo","Status quo (nothing built)",0.458666666666667,TRUE,0,0,0,FALSE
"shoulders_0","Shoulders; business free-rides",0.141333333333333,FALSE,-0.0200937782012412,0.00317416443550441,0.0289861184807073,FALSE
"partial_nohost","Partial path on public land only (landowners refuse)",0.102,FALSE,-0.0115382304004631,0,0.0954560164510371,FALSE
"carriage_path_0","Path, one-off payment; business free-rides",0.00466666666666667,FALSE,0.0647999603367772,-0.129035624307072,0.238640041127593,FALSE
"path_annual_0","Path, annual payments; business free-rides",0.000666666666666667,FALSE,0.0728680656945342,-0.153220926496158,0.238640041127593,FALSE
"carriage_path_1","Path, one-off payment; business pays",0,FALSE,0.0662684630872321,-0.129035624307072,0.200502521424426,FALSE
"path_annual_1","Path, annual payments; business pays",0,FALSE,0.0739010617376352,-0.153220926496158,0.222657241369547,FALSE
"shoulders_1","Shoulders; business pays",0,FALSE,-0.0199259127410786,0.00317416443550441,0.0246265949507394,FALSE
