"business_capital_share","grant_share","landowner_form","mean_pay_town","mean_pay_landowners","mean_pay_business","p_all_gain","weakest_mean_payoff"
0,0.2,"one_off",0.0431445614430249,-0.134974141064158,0.202217798241007,0.0975,-0.134974141064158
0,0.2,"annual",0.0504967255424856,-0.158797608391245,0.224429745312758,0.085,-0.158797608391245
0,0.2,"donate",0.0698325807643181,0.0543104826025763,0.241459922335065,0.4675,0.0543104826025763
0,0.4,"one_off",0.0574270394462003,-0.134974141064158,0.202217798241007,0.115,-0.134974141064158
0,0.4,"annual",0.0647792035456608,-0.158797608391245,0.224429745312758,0.085,-0.158797608391245
0,0.4,"donate",0.0841150587674934,0.0543104826025763,0.241459922335065,0.505,0.0543104826025763
0,0.6,"one_off",0.0717095174493754,-0.134974141064158,0.202217798241007,0.125,-0.134974141064158
0,0.6,"annual",0.079061681548836,-0.158797608391245,0.224429745312758,0.095,-0.158797608391245
0,0.6,"donate",0.0983975367706687,0.0543104826025763,0.241459922335065,0.5375,0.0543104826025763
0,0.8,"one_off",0.0859919954525507,-0.134974141064158,0.202217798241007,0.135,-0.134974141064158
0,0.8,"annual",0.0933441595520112,-0.158797608391245,0.224429745312758,0.095,-0.158797608391245
0,0.8,"donate",0.112680014773844,0.0543104826025763,0.241459922335065,0.5775,0.0543104826025763
0.05,0.2,"one_off",0.046675389884432,-0.134974141064158,0.0856870053173829,0.0575,-0.134974141064158
0.05,0.2,"annual",0.0540275539838925,-0.158797608391245,0.107898952389134,0.06,-0.158797608391245
0.05,0.2,"donate",0.0733634092057251,0.0543104826025763,0.124929129411441,0.38,0.0543104826025763
0.05,0.4,"one_off",0.0602437439874484,-0.134974141064158,0.11116328571354,0.0725,-0.134974141064158
0.05,0.4,"annual",0.067595908086909,-0.158797608391245,0.133375232785291,0.0675,-0.158797608391245
0.05,0.4,"donate",0.0869317633087415,0.0543104826025763,0.150405409807598,0.445,0.0543104826025763
0.05,0.6,"one_off",0.0738120980904649,-0.134974141064158,0.136639566109697,0.0975,-0.134974141064158
0.05,0.6,"annual",0.0811642621899255,-0.158797608391245,0.158851513181448,0.085,-0.158797608391245
0.05,0.6,"donate",0.100500117411758,0.0543104826025763,0.175881690203755,0.5025,0.0543104826025763
0.05,0.8,"one_off",0.0873804521934814,-0.134974141064158,0.162115846505853,0.1175,-0.134974141064158
0.05,0.8,"annual",0.094732616292942,-0.158797608391245,0.184327793577605,0.09,-0.158797608391245
0.05,0.8,"donate",0.114068471514775,0.0543104826025763,0.201357970599912,0.565,0.0543104826025763
0.1,0.2,"one_off",0.0502062183258389,-0.134974141064158,-0.0308437876062411,0.0375,-0.134974141064158
0.1,0.2,"annual",0.0575583824252995,-0.158797608391245,-0.00863184053448962,0.03,-0.158797608391245
0.1,0.2,"donate",0.0768942376471321,0.0543104826025763,0.00839833648781728,0.2425,0.00839833648781728
0.1,0.4,"one_off",0.0630604485286966,-0.134974141064158,0.0201087731860726,0.05,-0.134974141064158
0.1,0.4,"annual",0.0704126126281572,-0.158797608391245,0.0423207202578241,0.0425,-0.158797608391245
0.1,0.4,"donate",0.0897484678499899,0.0543104826025763,0.0593508972801311,0.315,0.0543104826025763
0.1,0.6,"one_off",0.0759146787315543,-0.134974141064158,0.0710613339783863,0.0575,-0.134974141064158
0.1,0.6,"annual",0.083266842831015,-0.158797608391245,0.0932732810501379,0.0525,-0.158797608391245
0.1,0.6,"donate",0.102602698052847,0.0543104826025763,0.110303458072445,0.3925,0.0543104826025763
0.1,0.8,"one_off",0.0887689089344122,-0.134974141064158,0.1220138947707,0.0925,-0.134974141064158
0.1,0.8,"annual",0.0961210730338727,-0.158797608391245,0.144225841842451,0.08,-0.158797608391245
0.1,0.8,"donate",0.115456928255705,0.0543104826025763,0.161256018864758,0.5125,0.0543104826025763
0.2,0.2,"one_off",0.0572678752086528,-0.134974141064158,-0.263905373453489,0.0125,-0.263905373453489
0.2,0.2,"annual",0.0646200393081135,-0.158797608391245,-0.241693426381738,0.0075,-0.241693426381738
0.2,0.2,"donate",0.0839558945299461,0.0543104826025763,-0.224663249359431,0.08,-0.224663249359431
0.2,0.4,"one_off",0.0686938576111931,-0.134974141064158,-0.162000251868862,0.0175,-0.162000251868862
0.2,0.4,"annual",0.0760460217106537,-0.158797608391245,-0.13978830479711,0.0175,-0.158797608391245
0.2,0.4,"donate",0.0953818769324863,0.0543104826025763,-0.122758127774803,0.1325,-0.122758127774803
0.2,0.6,"one_off",0.0801198400137332,-0.134974141064158,-0.0600951302842343,0.035,-0.134974141064158
0.2,0.6,"annual",0.0874720041131938,-0.158797608391245,-0.0378831832124828,0.025,-0.158797608391245
0.2,0.6,"donate",0.106807859335027,0.0543104826025763,-0.0208530061901759,0.22,-0.0208530061901759
0.2,0.8,"one_off",0.0915458224162734,-0.134974141064158,0.0418099913003932,0.0575,-0.134974141064158
0.2,0.8,"annual",0.0988979865157341,-0.158797608391245,0.0640219383721446,0.045,-0.158797608391245
0.2,0.8,"donate",0.118233841737567,0.0543104826025763,0.0810521153944517,0.3575,0.0543104826025763
0.3,0.2,"one_off",0.0643295320914669,-0.134974141064158,-0.496966959300737,0.0075,-0.496966959300737
0.3,0.2,"annual",0.0716816961909275,-0.158797608391245,-0.474755012228986,0.005,-0.474755012228986
0.3,0.2,"donate",0.0910175514127601,0.0543104826025763,-0.457724835206679,0.0425,-0.457724835206679
0.3,0.4,"one_off",0.0743272666936895,-0.134974141064158,-0.344109276923796,0.01,-0.344109276923796
0.3,0.4,"annual",0.0816794307931501,-0.158797608391245,-0.321897329852045,0.005,-0.321897329852045
0.3,0.4,"donate",0.101015286014983,0.0543104826025763,-0.304867152829738,0.0575,-0.304867152829738
0.3,0.6,"one_off",0.0843250012959122,-0.134974141064158,-0.191251594546855,0.0125,-0.191251594546855
0.3,0.6,"annual",0.0916771653953728,-0.158797608391245,-0.169039647475103,0.0125,-0.169039647475103
0.3,0.6,"donate",0.111013020617206,0.0543104826025763,-0.152009470452797,0.1125,-0.152009470452797
0.3,0.8,"one_off",0.0943227358981348,-0.134974141064158,-0.0383939121699137,0.0325,-0.134974141064158
0.3,0.8,"annual",0.101674899997595,-0.158797608391245,-0.0161819650981622,0.025,-0.158797608391245
0.3,0.8,"donate",0.121010755219428,0.0543104826025763,0.000848211924144699,0.2425,0.000848211924144699
