"route","dist_m","elev_m"
"A road corridor (Hosmer Pond Road idea)",0,10.651568413
"A road corridor (Hosmer Pond Road idea)",50,10.461235046
"A road corridor (Hosmer Pond Road idea)",100,11.059641838
"A road corridor (Hosmer Pond Road idea)",150,13.378245354
"A road corridor (Hosmer Pond Road idea)",200,16.01439476
"A road corridor (Hosmer Pond Road idea)",250,18.047790527
"A road corridor (Hosmer Pond Road idea)",300,20.42663002
"A road corridor (Hosmer Pond Road idea)",350,23.524662018
"A road corridor (Hosmer Pond Road idea)",400,25.963838577
"A road corridor (Hosmer Pond Road idea)",450,28.336698532
"A road corridor (Hosmer Pond Road idea)",500,27.679944992
"A road corridor (Hosmer Pond Road idea)",550,26.853561401
"A road corridor (Hosmer Pond Road idea)",600,27.130819321
"A road corridor (Hosmer Pond Road idea)",650,28.567558289
"A road corridor (Hosmer Pond Road idea)",700,29.592588425
"A road corridor (Hosmer Pond Road idea)",750,29.941322327
"A road corridor (Hosmer Pond Road idea)",800,31.224933624
"A road corridor (Hosmer Pond Road idea)",850,32.730918884
"A road corridor (Hosmer Pond Road idea)",900,34.546066284
"A road corridor (Hosmer Pond Road idea)",950,36.658344269
"A road corridor (Hosmer Pond Road idea)",1000,37.805477142
"A road corridor (Hosmer Pond Road idea)",1050,38.465518951
"A road corridor (Hosmer Pond Road idea)",1100,39.342559814
"A road corridor (Hosmer Pond Road idea)",1150,40.502609253
"A road corridor (Hosmer Pond Road idea)",1200,41.180923462
"A road corridor (Hosmer Pond Road idea)",1250,43.11246109
"A road corridor (Hosmer Pond Road idea)",1300,46.008323669
"A road corridor (Hosmer Pond Road idea)",1350,46.364673615
"A road corridor (Hosmer Pond Road idea)",1400,45.054965973
"A road corridor (Hosmer Pond Road idea)",1450,44.367191315
"A road corridor (Hosmer Pond Road idea)",1500,44.628578186
"A road corridor (Hosmer Pond Road idea)",1550,45.543701172
"A road corridor (Hosmer Pond Road idea)",1600,47.556476593
"A road corridor (Hosmer Pond Road idea)",1650,49.533439636
"A road corridor (Hosmer Pond Road idea)",1700,50.917396545
"A road corridor (Hosmer Pond Road idea)",1750,53.998844147
"A road corridor (Hosmer Pond Road idea)",1800,59.189758301
"A road corridor (Hosmer Pond Road idea)",1850,63.829315186
"A road corridor (Hosmer Pond Road idea)",1900,66.435119629
"A road corridor (Hosmer Pond Road idea)",1950,66.970924377
"A road corridor (Hosmer Pond Road idea)",2000,66.141311646
"A road corridor (Hosmer Pond Road idea)",2050,65.114364624
"A road corridor (Hosmer Pond Road idea)",2100,63.243431091
"A road corridor (Hosmer Pond Road idea)",2150,60.430553436
"A road corridor (Hosmer Pond Road idea)",2200,56.683296204
"A road corridor (Hosmer Pond Road idea)",2250,53.608066559
"A road corridor (Hosmer Pond Road idea)",2300,51.898708344
"A road corridor (Hosmer Pond Road idea)",2350,50.510414124
"A road corridor (Hosmer Pond Road idea)",2400,49.136825562
"A road corridor (Hosmer Pond Road idea)",2450,48.320560455
"A road corridor (Hosmer Pond Road idea)",2500,49.210609436
"A road corridor (Hosmer Pond Road idea)",2550,50.775436401
"A road corridor (Hosmer Pond Road idea)",2600,52.072330475
"A road corridor (Hosmer Pond Road idea)",2650,53.709690094
"A road corridor (Hosmer Pond Road idea)",2700,56.170791626
"A road corridor (Hosmer Pond Road idea)",2750,60.123657227
"A road corridor (Hosmer Pond Road idea)",2800,65.17805481
"A road corridor (Hosmer Pond Road idea)",2850,69.709007263
"A road corridor (Hosmer Pond Road idea)",2900,72.807403564
"A road corridor (Hosmer Pond Road idea)",2950,74.822921753
"A road corridor (Hosmer Pond Road idea)",3000,75.834938049
"A road corridor (Hosmer Pond Road idea)",3050,77.079566956
"A road corridor (Hosmer Pond Road idea)",3100,78.095481873
"A road corridor (Hosmer Pond Road idea)",3150,78.725982666
"A road corridor (Hosmer Pond Road idea)",3200,78.923980713
"A road corridor (Hosmer Pond Road idea)",3250,76.632667542
"A road corridor (Hosmer Pond Road idea)",3300,71.64616394
"A road corridor (Hosmer Pond Road idea)",3350,67.140197754
"A road corridor (Hosmer Pond Road idea)",3400,64.092201233
"A road corridor (Hosmer Pond Road idea)",3450,61.610118866
"A road corridor (Hosmer Pond Road idea)",3500,60.132736206
"A road corridor (Hosmer Pond Road idea)",3550,61.089508057
"A road corridor (Hosmer Pond Road idea)",3600,63.561580658
"A road corridor (Hosmer Pond Road idea)",3650,64.98122406
"A road corridor (Hosmer Pond Road idea)",3700,64.757835388
"A road corridor (Hosmer Pond Road idea)",3750,64.016708374
"A road corridor (Hosmer Pond Road idea)",3800,62.781845093
"A road corridor (Hosmer Pond Road idea)",3850,61.846042633
"A road corridor (Hosmer Pond Road idea)",3900,60.59627533
"A road corridor (Hosmer Pond Road idea)",3950,60.082313538
"A road corridor (Hosmer Pond Road idea)",4000,60.360717773
"A road corridor (Hosmer Pond Road idea)",4050,61.634456635
"A road corridor (Hosmer Pond Road idea)",4100,62.513122559
"A road corridor (Hosmer Pond Road idea)",4150,64.328903198
"A road corridor (Hosmer Pond Road idea)",4200,66.4320755
"A road corridor (Hosmer Pond Road idea)",4250,67.789237976
"A road corridor (Hosmer Pond Road idea)",4300,68.255851746
"A road corridor (Hosmer Pond Road idea)",4350,68.72063446
"A road corridor (Hosmer Pond Road idea)",4400,69.683006287
"A road corridor (Hosmer Pond Road idea)",4450,70.269020081
"A road corridor (Hosmer Pond Road idea)",4500,70.995513916
"A road corridor (Hosmer Pond Road idea)",4550,71.167495728
"A road corridor (Hosmer Pond Road idea)",4600,69.986625671
"A road corridor (Hosmer Pond Road idea)",4650,68.986534119
"A road corridor (Hosmer Pond Road idea)",4700,69.487472534
"A road corridor (Hosmer Pond Road idea)",4750,68.054595947
"A road corridor (Hosmer Pond Road idea)",4800,66.889266968
"A road corridor (Hosmer Pond Road idea)",4850,66.746047974
"A road corridor (Hosmer Pond Road idea)",4900,67.64831543
"A road corridor (Hosmer Pond Road idea)",4950,68.194633484
"A road corridor (Hosmer Pond Road idea)",5000,68.734230042
"A road corridor (Hosmer Pond Road idea)",5050,68.961608887
"A road corridor (Hosmer Pond Road idea)",5100,69.249824524
"A road corridor (Hosmer Pond Road idea)",5150,69.29901123
"A road corridor (Hosmer Pond Road idea)",5200,69.981880188
"A road corridor (Hosmer Pond Road idea)",5250,68.891975403
"A road corridor (Hosmer Pond Road idea)",5300,67.463424683
"A road corridor (Hosmer Pond Road idea)",5350,67.163818359
"A road corridor (Hosmer Pond Road idea)",5400,67.02520752
"A road corridor (Hosmer Pond Road idea)",5450,66.334877014
"A road corridor (Hosmer Pond Road idea)",5500,65.425018311
"A road corridor (Hosmer Pond Road idea)",5550,65.703727722
"A road corridor (Hosmer Pond Road idea)",5600,65.962471008
"A road corridor (Hosmer Pond Road idea)",5650,66.151054382
"A road corridor (Hosmer Pond Road idea)",5700,66.75428009
"A road corridor (Hosmer Pond Road idea)",5750,67.504379272
"A road corridor (Hosmer Pond Road idea)",5800,68.563186646
"A road corridor (Hosmer Pond Road idea)",5850,69.635894775
"A road corridor (Hosmer Pond Road idea)",5900,70.668060303
"A road corridor (Hosmer Pond Road idea)",5950,71.912628174
"A road corridor (Hosmer Pond Road idea)",6000,74.184989929
"A road corridor (Hosmer Pond Road idea)",6050,79.027236938
"A road corridor (Hosmer Pond Road idea)",6100,85.290931702
"A road corridor (Hosmer Pond Road idea)",6150,90.380966187
"A road corridor (Hosmer Pond Road idea)",6200,95.085533142
"A road corridor (Hosmer Pond Road idea)",6250,100.69278717
"A road corridor (Hosmer Pond Road idea)",6300,107.929603577
"A road corridor (Hosmer Pond Road idea)",6350,116.069801331
"A road corridor (Hosmer Pond Road idea)",6400,122.03163147
"A road corridor (Hosmer Pond Road idea)",6450,125.042747498
"A road corridor (Hosmer Pond Road idea)",6500,125.018959045
"A road corridor (Hosmer Pond Road idea)",6550,124.750175476
"A road corridor (Hosmer Pond Road idea)",6600,128.88230896
"A road corridor (Hosmer Pond Road idea)",6650,135.91456604
"A road corridor (Hosmer Pond Road idea)",6700,140.844009399
"A road corridor (Hosmer Pond Road idea)",6750,143.595352173
"A road corridor (Hosmer Pond Road idea)",6800,140.618225098
"A road corridor (Hosmer Pond Road idea)",6850,138.840744019
"A road corridor (Hosmer Pond Road idea)",6900,137.234283447
"B existing trails where possible",0,10.61241436
"B existing trails where possible",50,10.581356049
"B existing trails where possible",100,11.312120438
"B existing trails where possible",150,13.895771027
"B existing trails where possible",200,16.391885757
"B existing trails where possible",250,18.38999176
"B existing trails where possible",300,20.920965195
"B existing trails where possible",350,23.979862213
"B existing trails where possible",400,26.445476532
"B existing trails where possible",450,28.287395477
"B existing trails where possible",500,27.623100281
"B existing trails where possible",550,26.748434067
"B existing trails where possible",600,27.065303802
"B existing trails where possible",650,28.673765182
"B existing trails where possible",700,29.551054001
"B existing trails where possible",750,30.02132225
"B existing trails where possible",800,31.304933548
"B existing trails where possible",850,32.802024841
"B existing trails where possible",900,34.688457489
"B existing trails where possible",950,36.708995819
"B existing trails where possible",1000,37.765476227
"B existing trails where possible",1050,38.395374298
"B existing trails where possible",1100,39.342559814
"B existing trails where possible",1150,40.502609253
"B existing trails where possible",1200,41.180923462
"B existing trails where possible",1250,43.11246109
"B existing trails where possible",1300,46.008323669
"B existing trails where possible",1350,46.364673615
"B existing trails where possible",1400,45.054965973
"B existing trails where possible",1450,44.367191315
"B existing trails where possible",1500,44.628578186
"B existing trails where possible",1550,45.543701172
"B existing trails where possible",1600,47.556476593
"B existing trails where possible",1650,49.533439636
"B existing trails where possible",1700,50.917396545
"B existing trails where possible",1750,53.998844147
"B existing trails where possible",1800,59.189758301
"B existing trails where possible",1850,63.829315186
"B existing trails where possible",1900,66.435119629
"B existing trails where possible",1950,66.970924377
"B existing trails where possible",2000,66.141311646
"B existing trails where possible",2050,65.114364624
"B existing trails where possible",2100,63.243431091
"B existing trails where possible",2150,60.430553436
"B existing trails where possible",2200,56.683296204
"B existing trails where possible",2250,53.608066559
"B existing trails where possible",2300,51.898708344
"B existing trails where possible",2350,50.510414124
"B existing trails where possible",2400,49.136825562
"B existing trails where possible",2450,48.320560455
"B existing trails where possible",2500,49.210609436
"B existing trails where possible",2550,50.775436401
"B existing trails where possible",2600,52.072330475
"B existing trails where possible",2650,53.709690094
"B existing trails where possible",2700,56.170791626
"B existing trails where possible",2750,60.123657227
"B existing trails where possible",2800,65.17805481
"B existing trails where possible",2850,69.709007263
"B existing trails where possible",2900,72.807403564
"B existing trails where possible",2950,74.822921753
"B existing trails where possible",3000,75.834938049
"B existing trails where possible",3050,77.079566956
"B existing trails where possible",3100,78.095481873
"B existing trails where possible",3150,78.725982666
"B existing trails where possible",3200,78.923980713
"B existing trails where possible",3250,76.632667542
"B existing trails where possible",3300,71.64616394
"B existing trails where possible",3350,67.140197754
"B existing trails where possible",3400,64.092201233
"B existing trails where possible",3450,61.610118866
"B existing trails where possible",3500,60.132736206
"B existing trails where possible",3550,61.089508057
"B existing trails where possible",3600,63.561580658
"B existing trails where possible",3650,64.98122406
"B existing trails where possible",3700,64.757835388
"B existing trails where possible",3750,64.016708374
"B existing trails where possible",3800,62.781845093
"B existing trails where possible",3850,61.846042633
"B existing trails where possible",3900,60.59627533
"B existing trails where possible",3950,60.082313538
"B existing trails where possible",4000,60.360717773
"B existing trails where possible",4050,61.634456635
"B existing trails where possible",4100,62.513122559
"B existing trails where possible",4150,64.328903198
"B existing trails where possible",4200,66.4320755
"B existing trails where possible",4250,67.789237976
"B existing trails where possible",4300,68.255851746
"B existing trails where possible",4350,68.72063446
"B existing trails where possible",4400,69.683006287
"B existing trails where possible",4450,70.269020081
"B existing trails where possible",4500,70.995513916
"B existing trails where possible",4550,71.167495728
"B existing trails where possible",4600,69.986625671
"B existing trails where possible",4650,68.986534119
"B existing trails where possible",4700,69.487472534
"B existing trails where possible",4750,68.054595947
"B existing trails where possible",4800,66.889266968
"B existing trails where possible",4850,66.746047974
"B existing trails where possible",4900,67.64831543
"B existing trails where possible",4950,68.194633484
"B existing trails where possible",5000,68.734230042
"B existing trails where possible",5050,68.961608887
"B existing trails where possible",5100,69.249824524
"B existing trails where possible",5150,69.29901123
"B existing trails where possible",5200,69.981880188
"B existing trails where possible",5250,68.891975403
"B existing trails where possible",5300,67.463424683
"B existing trails where possible",5350,67.163818359
"B existing trails where possible",5400,67.02520752
"B existing trails where possible",5450,66.334877014
"B existing trails where possible",5500,65.425018311
"B existing trails where possible",5550,65.703727722
"B existing trails where possible",5600,65.962471008
"B existing trails where possible",5650,66.151054382
"B existing trails where possible",5700,66.75428009
"B existing trails where possible",5750,67.504379272
"B existing trails where possible",5800,68.563186646
"B existing trails where possible",5850,69.635894775
"B existing trails where possible",5900,70.668060303
"B existing trails where possible",5950,71.912628174
"B existing trails where possible",6000,74.184989929
"B existing trails where possible",6050,79.027236938
"B existing trails where possible",6100,85.290931702
"B existing trails where possible",6150,90.380966187
"B existing trails where possible",6200,95.085533142
"B existing trails where possible",6250,100.69278717
"B existing trails where possible",6300,107.929603577
"B existing trails where possible",6350,116.069801331
"B existing trails where possible",6400,122.03163147
"B existing trails where possible",6450,125.042747498
"B existing trails where possible",6500,125.018959045
"B existing trails where possible",6550,124.750175476
"B existing trails where possible",6600,128.88230896
"B existing trails where possible",6650,135.91456604
"B existing trails where possible",6700,140.844009399
"B existing trails where possible",6750,143.595352173
"B existing trails where possible",6800,140.618225098
"B existing trails where possible",6850,138.840744019
"B existing trails where possible",6900,137.234283447
"C park land where possible",0,10.651568413
"C park land where possible",50,10.461235046
"C park land where possible",100,11.059641838
"C park land where possible",150,13.378245354
"C park land where possible",200,16.01439476
"C park land where possible",250,18.047790527
"C park land where possible",300,20.42663002
"C park land where possible",350,23.524662018
"C park land where possible",400,25.963838577
"C park land where possible",450,28.336698532
"C park land where possible",500,27.679944992
"C park land where possible",550,26.853561401
"C park land where possible",600,27.130819321
"C park land where possible",650,28.567558289
"C park land where possible",700,29.592588425
"C park land where possible",750,29.941322327
"C park land where possible",800,31.224933624
"C park land where possible",850,32.730918884
"C park land where possible",900,34.546066284
"C park land where possible",950,36.658344269
"C park land where possible",1000,37.805477142
"C park land where possible",1050,38.465518951
"C park land where possible",1100,39.342559814
"C park land where possible",1150,40.502609253
"C park land where possible",1200,41.180923462
"C park land where possible",1250,43.11246109
"C park land where possible",1300,46.008323669
"C park land where possible",1350,46.364673615
"C park land where possible",1400,45.054965973
"C park land where possible",1450,44.367191315
"C park land where possible",1500,44.628578186
"C park land where possible",1550,45.543701172
"C park land where possible",1600,47.556476593
"C park land where possible",1650,49.533439636
"C park land where possible",1700,50.917396545
"C park land where possible",1750,53.998844147
"C park land where possible",1800,59.189758301
"C park land where possible",1850,63.829315186
"C park land where possible",1900,66.435119629
"C park land where possible",1950,66.970924377
"C park land where possible",2000,66.141311646
"C park land where possible",2050,65.114364624
"C park land where possible",2100,63.243431091
"C park land where possible",2150,60.430553436
"C park land where possible",2200,56.683296204
"C park land where possible",2250,53.608066559
"C park land where possible",2300,51.898708344
"C park land where possible",2350,50.510414124
"C park land where possible",2400,49.136825562
"C park land where possible",2450,48.320560455
"C park land where possible",2500,49.210609436
"C park land where possible",2550,50.775436401
"C park land where possible",2600,52.072330475
"C park land where possible",2650,53.709690094
"C park land where possible",2700,56.170791626
"C park land where possible",2750,60.123657227
"C park land where possible",2800,65.17805481
"C park land where possible",2850,69.709007263
"C park land where possible",2900,72.807403564
"C park land where possible",2950,74.822921753
"C park land where possible",3000,75.834938049
"C park land where possible",3050,77.079566956
"C park land where possible",3100,78.095481873
"C park land where possible",3150,78.725982666
"C park land where possible",3200,78.923980713
"C park land where possible",3250,76.632667542
"C park land where possible",3300,71.64616394
"C park land where possible",3350,67.140197754
"C park land where possible",3400,64.092201233
"C park land where possible",3450,61.610118866
"C park land where possible",3500,60.132736206
"C park land where possible",3550,61.089508057
"C park land where possible",3600,63.561580658
"C park land where possible",3650,64.98122406
"C park land where possible",3700,64.757835388
"C park land where possible",3750,64.016708374
"C park land where possible",3800,62.781845093
"C park land where possible",3850,61.846042633
"C park land where possible",3900,60.59627533
"C park land where possible",3950,60.082313538
"C park land where possible",4000,60.360717773
"C park land where possible",4050,61.634456635
"C park land where possible",4100,62.513122559
"C park land where possible",4150,64.328903198
"C park land where possible",4200,66.4320755
"C park land where possible",4250,67.789237976
"C park land where possible",4300,68.255851746
"C park land where possible",4350,68.72063446
"C park land where possible",4400,69.683006287
"C park land where possible",4450,70.269020081
"C park land where possible",4500,70.995513916
"C park land where possible",4550,71.167495728
"C park land where possible",4600,69.986625671
"C park land where possible",4650,68.986534119
"C park land where possible",4700,69.487472534
"C park land where possible",4750,68.054595947
"C park land where possible",4800,66.889266968
"C park land where possible",4850,66.746047974
"C park land where possible",4900,67.64831543
"C park land where possible",4950,68.194633484
"C park land where possible",5000,68.734230042
"C park land where possible",5050,68.961608887
"C park land where possible",5100,69.249824524
"C park land where possible",5150,69.29901123
"C park land where possible",5200,69.981880188
"C park land where possible",5250,68.891975403
"C park land where possible",5300,67.463424683
"C park land where possible",5350,67.163818359
"C park land where possible",5400,67.02520752
"C park land where possible",5450,66.334877014
"C park land where possible",5500,65.425018311
"C park land where possible",5550,65.703727722
"C park land where possible",5600,65.962471008
"C park land where possible",5650,66.151054382
"C park land where possible",5700,66.75428009
"C park land where possible",5750,67.504379272
"C park land where possible",5800,68.563186646
"C park land where possible",5850,69.635894775
"C park land where possible",5900,70.668060303
"C park land where possible",5950,71.912628174
"C park land where possible",6000,74.184989929
"C park land where possible",6050,79.027236938
"C park land where possible",6100,85.290931702
"C park land where possible",6150,90.380966187
"C park land where possible",6200,95.085533142
"C park land where possible",6250,100.69278717
"C park land where possible",6300,107.929603577
"C park land where possible",6350,116.069801331
"C park land where possible",6400,122.03163147
"C park land where possible",6450,125.042747498
"C park land where possible",6500,125.018959045
"C park land where possible",6550,124.750175476
"C park land where possible",6600,128.88230896
"C park land where possible",6650,135.91456604
"C park land where possible",6700,140.844009399
"C park land where possible",6750,143.595352173
"C park land where possible",6800,140.618225098
"C park land where possible",6850,138.840744019
"C park land where possible",6900,137.234283447
"D avoiding Hosmer Pond Road",0,10.592413902
"D avoiding Hosmer Pond Road",50,10.601356506
"D avoiding Hosmer Pond Road",100,11.392120361
"D avoiding Hosmer Pond Road",150,13.955771446
"D avoiding Hosmer Pond Road",200,16.451885223
"D avoiding Hosmer Pond Road",250,18.409992218
"D avoiding Hosmer Pond Road",300,21.060964584
"D avoiding Hosmer Pond Road",350,24.099861145
"D avoiding Hosmer Pond Road",400,26.498207092
"D avoiding Hosmer Pond Road",450,28.26739502
"D avoiding Hosmer Pond Road",500,27.595834732
"D avoiding Hosmer Pond Road",550,26.728433609
"D avoiding Hosmer Pond Road",600,27.107078552
"D avoiding Hosmer Pond Road",650,28.673765182
"D avoiding Hosmer Pond Road",700,29.551054001
"D avoiding Hosmer Pond Road",750,30.061323166
"D avoiding Hosmer Pond Road",800,31.335988998
"D avoiding Hosmer Pond Road",850,32.822025299
"D avoiding Hosmer Pond Road",900,34.76845932
"D avoiding Hosmer Pond Road",950,36.748996735
"D avoiding Hosmer Pond Road",1000,37.745479584
"D avoiding Hosmer Pond Road",1050,38.445518494
"D avoiding Hosmer Pond Road",1100,39.362560272
"D avoiding Hosmer Pond Road",1150,40.522609711
"D avoiding Hosmer Pond Road",1200,41.220924377
"D avoiding Hosmer Pond Road",1250,43.152462006
"D avoiding Hosmer Pond Road",1300,46.048324585
"D avoiding Hosmer Pond Road",1350,46.344673157
"D avoiding Hosmer Pond Road",1400,45.034965515
"D avoiding Hosmer Pond Road",1450,44.347190857
"D avoiding Hosmer Pond Road",1500,44.628578186
"D avoiding Hosmer Pond Road",1550,45.56370163
"D avoiding Hosmer Pond Road",1600,47.616474152
"D avoiding Hosmer Pond Road",1650,49.59344101
"D avoiding Hosmer Pond Road",1700,50.937393188
"D avoiding Hosmer Pond Road",1750,54.098846436
"D avoiding Hosmer Pond Road",1800,59.269756317
"D avoiding Hosmer Pond Road",1850,63.929317474
"D avoiding Hosmer Pond Road",1900,66.488639832
"D avoiding Hosmer Pond Road",1950,66.990921021
"D avoiding Hosmer Pond Road",2000,66.121315002
"D avoiding Hosmer Pond Road",2050,65.114364624
"D avoiding Hosmer Pond Road",2100,63.16342926
"D avoiding Hosmer Pond Road",2150,60.270553589
"D avoiding Hosmer Pond Road",2200,56.587844849
"D avoiding Hosmer Pond Road",2250,53.508068085
"D avoiding Hosmer Pond Road",2300,51.958709717
"D avoiding Hosmer Pond Road",2350,51.089672089
"D avoiding Hosmer Pond Road",2400,50.109760284
"D avoiding Hosmer Pond Road",2450,49.642292023
"D avoiding Hosmer Pond Road",2500,50.300304413
"D avoiding Hosmer Pond Road",2550,52.116580963
"D avoiding Hosmer Pond Road",2600,55.403312683
"D avoiding Hosmer Pond Road",2650,59.101039886
"D avoiding Hosmer Pond Road",2700,62.057159424
"D avoiding Hosmer Pond Road",2750,64.512687683
"D avoiding Hosmer Pond Road",2800,66.364685059
"D avoiding Hosmer Pond Road",2850,68.256759644
"D avoiding Hosmer Pond Road",2900,69.631202698
"D avoiding Hosmer Pond Road",2950,70.799552917
"D avoiding Hosmer Pond Road",3000,72.851829529
"D avoiding Hosmer Pond Road",3050,75.651786804
"D avoiding Hosmer Pond Road",3100,79.762649536
"D avoiding Hosmer Pond Road",3150,82.969543457
"D avoiding Hosmer Pond Road",3200,87.410369873
"D avoiding Hosmer Pond Road",3250,91.908050537
"D avoiding Hosmer Pond Road",3300,95.583198547
"D avoiding Hosmer Pond Road",3350,98.683853149
"D avoiding Hosmer Pond Road",3400,101.08934021
"D avoiding Hosmer Pond Road",3450,102.663078308
"D avoiding Hosmer Pond Road",3500,104.17288208
"D avoiding Hosmer Pond Road",3550,105.049194336
"D avoiding Hosmer Pond Road",3600,105.372695923
"D avoiding Hosmer Pond Road",3650,104.897003174
"D avoiding Hosmer Pond Road",3700,104.973190308
"D avoiding Hosmer Pond Road",3750,104.336265564
"D avoiding Hosmer Pond Road",3800,102.455406189
"D avoiding Hosmer Pond Road",3850,99.793861389
"D avoiding Hosmer Pond Road",3900,97.041427612
"D avoiding Hosmer Pond Road",3950,93.850700378
"D avoiding Hosmer Pond Road",4000,88.905593872
"D avoiding Hosmer Pond Road",4050,86.709701538
"D avoiding Hosmer Pond Road",4100,85.262542725
"D avoiding Hosmer Pond Road",4150,85.261184692
"D avoiding Hosmer Pond Road",4200,85.068817139
"D avoiding Hosmer Pond Road",4250,84.8671875
"D avoiding Hosmer Pond Road",4300,84.496055603
"D avoiding Hosmer Pond Road",4350,82.364273071
"D avoiding Hosmer Pond Road",4400,78.315673828
"D avoiding Hosmer Pond Road",4450,74.458152771
"D avoiding Hosmer Pond Road",4500,72.016426086
"D avoiding Hosmer Pond Road",4550,73.311058044
"D avoiding Hosmer Pond Road",4600,71.344963074
"D avoiding Hosmer Pond Road",4650,71.949668884
"D avoiding Hosmer Pond Road",4700,72.319229126
"D avoiding Hosmer Pond Road",4750,71.501251221
"D avoiding Hosmer Pond Road",4800,71.923377991
"D avoiding Hosmer Pond Road",4850,73.157814026
"D avoiding Hosmer Pond Road",4900,73.467033386
"D avoiding Hosmer Pond Road",4950,70.188423157
"D avoiding Hosmer Pond Road",5000,71.092971802
"D avoiding Hosmer Pond Road",5050,70.350357056
"D avoiding Hosmer Pond Road",5100,71.424591064
"D avoiding Hosmer Pond Road",5150,74.869346619
"D avoiding Hosmer Pond Road",5200,75.402839661
"D avoiding Hosmer Pond Road",5250,76.960464478
"D avoiding Hosmer Pond Road",5300,73.601318359
"D avoiding Hosmer Pond Road",5350,73.626777649
"D avoiding Hosmer Pond Road",5400,73.350135803
"D avoiding Hosmer Pond Road",5450,74.335700989
"D avoiding Hosmer Pond Road",5500,77.801925659
"D avoiding Hosmer Pond Road",5550,82.445320129
"D avoiding Hosmer Pond Road",5600,85.757171631
"D avoiding Hosmer Pond Road",5650,87.61743927
"D avoiding Hosmer Pond Road",5700,89.079673767
"D avoiding Hosmer Pond Road",5750,88.670600891
"D avoiding Hosmer Pond Road",5800,87.644676208
"D avoiding Hosmer Pond Road",5850,85.626342773
"D avoiding Hosmer Pond Road",5900,84.588111877
"D avoiding Hosmer Pond Road",5950,84.649032593
"D avoiding Hosmer Pond Road",6000,86.583007812
"D avoiding Hosmer Pond Road",6050,90.826759338
"D avoiding Hosmer Pond Road",6100,91.986419678
"D avoiding Hosmer Pond Road",6150,91.76750946
"D avoiding Hosmer Pond Road",6200,87.114997864
"D avoiding Hosmer Pond Road",6250,80.973876953
"D avoiding Hosmer Pond Road",6300,74.6457901
"D avoiding Hosmer Pond Road",6350,69.28994751
"D avoiding Hosmer Pond Road",6400,66.714195251
"D avoiding Hosmer Pond Road",6450,65.425018311
"D avoiding Hosmer Pond Road",6500,65.703727722
"D avoiding Hosmer Pond Road",6550,65.962471008
"D avoiding Hosmer Pond Road",6600,66.151054382
"D avoiding Hosmer Pond Road",6650,66.75428009
"D avoiding Hosmer Pond Road",6700,67.504379272
"D avoiding Hosmer Pond Road",6750,68.563186646
"D avoiding Hosmer Pond Road",6800,69.635894775
"D avoiding Hosmer Pond Road",6850,70.668060303
"D avoiding Hosmer Pond Road",6900,71.912628174
"D avoiding Hosmer Pond Road",6950,74.184989929
"D avoiding Hosmer Pond Road",7000,79.027236938
"D avoiding Hosmer Pond Road",7050,85.290931702
"D avoiding Hosmer Pond Road",7100,90.380966187
"D avoiding Hosmer Pond Road",7150,95.085533142
"D avoiding Hosmer Pond Road",7200,100.69278717
"D avoiding Hosmer Pond Road",7250,107.929603577
"D avoiding Hosmer Pond Road",7300,116.069801331
"D avoiding Hosmer Pond Road",7350,122.03163147
"D avoiding Hosmer Pond Road",7400,125.042747498
"D avoiding Hosmer Pond Road",7450,125.018959045
"D avoiding Hosmer Pond Road",7500,124.750175476
"D avoiding Hosmer Pond Road",7550,128.88230896
"D avoiding Hosmer Pond Road",7600,135.91456604
"D avoiding Hosmer Pond Road",7650,140.844009399
"D avoiding Hosmer Pond Road",7700,143.595352173
"D avoiding Hosmer Pond Road",7750,140.618225098
"D avoiding Hosmer Pond Road",7800,138.840744019
"D avoiding Hosmer Pond Road",7850,137.234283447
