"scenario","option","label","median","q05","q95","p_gain","landowner_npv_median"
"exposed","carriage_path","Separated carriage path (one-off easement)",-130415.691419856,-568644.968115288,115343.032278534,0.200666666666667,-163745.159017849
"exposed","partial_path","Partial path (40% of route)",-29080.8123023482,-107419.706411746,23893.2609979437,0.190666666666667,-33517.8230355421
"exposed","path_annual","Path + annual payments (no one-off)",-169785.7626621,-597257.351743884,64580.925837764,0.122666666666667,-205291.724959573
"exposed","path_compensated","Path + doubled one-off payment",-56529.913235328,-484446.898216085,223614.678969924,0.374,-89937.2221209556
"exposed","path_cost_sharing","Path + binding cost-sharing agreement",-130415.691419856,-568644.968115288,115343.032278534,0.200666666666667,-163745.159017849
"exposed","path_donated","Path + donated easement (no payment)",-16029.2815477192,-165769.742774431,187358.13109673,0.429333333333333,-28517.691605942
"exposed","path_mitigated","Path + footprint mitigation",-120546.173177062,-554828.97697101,119405.654735647,0.202,-155128.701307807
"exposed","path_oneoff_annual","Path + one-off and annual payments",-91449.2218016235,-523200.623608553,164488.241579461,0.284666666666667,-121319.919488051
"exposed","shoulders","Widened shoulders",-2610.42804009034,-18685.7500961173,7209.13737382246,0.285333333333333,-5360.53339818776
"exposed","shoulders_speed","Shoulders + lower speed limit",-2610.42804009034,-18685.7500961173,7209.13737382246,0.285333333333333,-5360.53339818776
"protected","carriage_path","Separated carriage path (one-off easement)",45036.3164280821,-112205.014491824,261197.741071187,0.668666666666667,11852.5285897851
"protected","partial_path","Partial path (40% of route)",1027.14722879314,-47856.1824906214,48027.0103562266,0.522,-3847.64904476189
"protected","path_annual","Path + annual payments (no one-off)",4513.03723960402,-151947.274264894,212363.232512326,0.518,-27359.5172562867
"protected","path_compensated","Path + doubled one-off payment",127283.363491348,-48368.2430939559,377287.831903516,0.877333333333333,93017.2839791766
"protected","path_cost_sharing","Path + binding cost-sharing agreement",45036.3164280821,-112205.014491824,261197.741071187,0.668666666666667,11852.5285897851
"protected","path_donated","Path + donated easement (no payment)",-16029.2815477192,-165769.742774431,187358.13109673,0.429333333333333,-28517.691605942
"protected","path_mitigated","Path + footprint mitigation",52385.252736371,-82926.5379404007,257579.550537179,0.714,19982.3879685625
"protected","path_oneoff_annual","Path + one-off and annual payments",88407.5192456186,-63836.722348389,307054.596648645,0.802666666666667,50266.3700183918
"protected","shoulders","Widened shoulders",-2610.42804009034,-18685.7500961173,7209.13737382246,0.285333333333333,-5360.53339818776
"protected","shoulders_speed","Shoulders + lower speed limit",-2610.42804009034,-18685.7500961173,7209.13737382246,0.285333333333333,-5360.53339818776
