"scenario","sb_capital_share","business_capital_share","town_capital_share","landowner_form","mean_pay_town","mean_pay_landowners","mean_pay_snowbowl","mean_pay_business","p_all_four_gain","weakest_mean_payoff"
"protected",0,0,1,"one_off",-0.0450958407530124,0.0204915331396766,0.0928452004764194,0.194412235474982,0.165,-0.0450958407530124
"protected",0,0,1,"annual",-0.0338880109753954,-0.0149123691549582,0.113979602364115,0.216017119911483,0.1675,-0.0338880109753954
"protected",0,0,1,"donate",0.00110488482102004,0.0496864983365463,0.131344385430876,0.232829280128137,0.3175,0.00110488482102004
"protected",0,0.05,0.95,"one_off",-0.0409882678903853,0.0204915331396766,0.0928452004764194,0.120380866134359,0.14,-0.0409882678903853
"protected",0,0.05,0.95,"annual",-0.0297804381127682,-0.0149123691549582,0.113979602364115,0.14198575057086,0.1575,-0.0297804381127682
"protected",0,0.05,0.95,"donate",0.00521245768364721,0.0496864983365463,0.131344385430876,0.158797910787515,0.3025,0.00521245768364721
"protected",0,0.1,0.9,"one_off",-0.0368806950277581,0.0204915331396766,0.0928452004764194,0.0463494967937366,0.12,-0.0368806950277581
"protected",0,0.1,0.9,"annual",-0.025672865250141,-0.0149123691549582,0.113979602364115,0.0679543812302374,0.12,-0.025672865250141
"protected",0,0.1,0.9,"donate",0.00932003054627437,0.0496864983365463,0.131344385430876,0.0847665414468916,0.255,0.00932003054627437
"protected",0,0.2,0.8,"one_off",-0.0286655493025038,0.0204915331396766,0.0928452004764194,-0.101713241887509,0.0675,-0.101713241887509
"protected",0,0.2,0.8,"annual",-0.0174577195248867,-0.0149123691549582,0.113979602364115,-0.0801083574510084,0.075,-0.0801083574510084
"protected",0,0.2,0.8,"donate",0.0175351762715287,0.0496864983365463,0.131344385430876,-0.0632961972343543,0.14,-0.0632961972343543
"protected",0,0.3,0.7,"one_off",-0.0204504035772494,0.0204915331396766,0.0928452004764194,-0.249775980568755,0.055,-0.249775980568755
"protected",0,0.3,0.7,"annual",-0.00924257379963233,-0.0149123691549582,0.113979602364115,-0.228171096132254,0.06,-0.228171096132254
"protected",0,0.3,0.7,"donate",0.025750321996783,0.0496864983365463,0.131344385430876,-0.2113589359156,0.095,-0.2113589359156
"protected",0.1,0,0.9,"one_off",-0.0368806950277581,0.0204915331396766,0.0454145305893829,0.194412235474982,0.1275,-0.0368806950277581
"protected",0.1,0,0.9,"annual",-0.025672865250141,-0.0149123691549582,0.066548932477079,0.216017119911483,0.15,-0.025672865250141
"protected",0.1,0,0.9,"donate",0.00932003054627437,0.0496864983365463,0.0839137155438397,0.232829280128137,0.3,0.00932003054627437
"protected",0.1,0.05,0.85,"one_off",-0.032773122165131,0.0204915331396766,0.0454145305893829,0.120380866134359,0.1225,-0.032773122165131
"protected",0.1,0.05,0.85,"annual",-0.0215652923875138,-0.0149123691549582,0.066548932477079,0.14198575057086,0.1425,-0.0215652923875138
"protected",0.1,0.05,0.85,"donate",0.0134276034089016,0.0496864983365463,0.0839137155438397,0.158797910787515,0.295,0.0134276034089016
"protected",0.1,0.1,0.8,"one_off",-0.0286655493025038,0.0204915331396766,0.0454145305893829,0.0463494967937366,0.1075,-0.0286655493025038
"protected",0.1,0.1,0.8,"annual",-0.0174577195248867,-0.0149123691549582,0.066548932477079,0.0679543812302374,0.1125,-0.0174577195248867
"protected",0.1,0.1,0.8,"donate",0.0175351762715287,0.0496864983365463,0.0839137155438397,0.0847665414468916,0.2375,0.0175351762715287
"protected",0.1,0.2,0.7,"one_off",-0.0204504035772494,0.0204915331396766,0.0454145305893829,-0.101713241887509,0.065,-0.101713241887509
"protected",0.1,0.2,0.7,"annual",-0.00924257379963233,-0.0149123691549582,0.066548932477079,-0.0801083574510084,0.07,-0.0801083574510084
"protected",0.1,0.2,0.7,"donate",0.025750321996783,0.0496864983365463,0.0839137155438397,-0.0632961972343543,0.15,-0.0632961972343543
"protected",0.1,0.3,0.6,"one_off",-0.0122352578519951,0.0204915331396766,0.0454145305893829,-0.249775980568755,0.055,-0.249775980568755
"protected",0.1,0.3,0.6,"annual",-0.00102742807437801,-0.0149123691549582,0.066548932477079,-0.228171096132254,0.06,-0.228171096132254
"protected",0.1,0.3,0.6,"donate",0.0339654677220374,0.0496864983365463,0.0839137155438397,-0.2113589359156,0.095,-0.2113589359156
"protected",0.2,0,0.8,"one_off",-0.0286655493025038,0.0204915331396766,-0.00201613929765367,0.194412235474982,0.1075,-0.0286655493025038
"protected",0.2,0,0.8,"annual",-0.0174577195248867,-0.0149123691549582,0.0191182625900424,0.216017119911483,0.115,-0.0174577195248867
"protected",0.2,0,0.8,"donate",0.0175351762715287,0.0496864983365463,0.0364830456568031,0.232829280128137,0.23,0.0175351762715287
"protected",0.2,0.05,0.75,"one_off",-0.0245579764398766,0.0204915331396766,-0.00201613929765367,0.120380866134359,0.105,-0.0245579764398766
"protected",0.2,0.05,0.75,"annual",-0.0133501466622595,-0.0149123691549582,0.0191182625900424,0.14198575057086,0.1125,-0.0149123691549582
"protected",0.2,0.05,0.75,"donate",0.0216427491341559,0.0496864983365463,0.0364830456568031,0.158797910787515,0.24,0.0216427491341559
"protected",0.2,0.1,0.7,"one_off",-0.0204504035772495,0.0204915331396766,-0.00201613929765367,0.0463494967937366,0.095,-0.0204504035772495
"protected",0.2,0.1,0.7,"annual",-0.00924257379963235,-0.0149123691549582,0.0191182625900424,0.0679543812302374,0.0975,-0.0149123691549582
"protected",0.2,0.1,0.7,"donate",0.025750321996783,0.0496864983365463,0.0364830456568031,0.0847665414468916,0.2175,0.025750321996783
"protected",0.2,0.2,0.6,"one_off",-0.0122352578519951,0.0204915331396766,-0.00201613929765367,-0.101713241887509,0.055,-0.101713241887509
"protected",0.2,0.2,0.6,"annual",-0.00102742807437801,-0.0149123691549582,0.0191182625900424,-0.0801083574510084,0.065,-0.0801083574510084
"protected",0.2,0.2,0.6,"donate",0.0339654677220374,0.0496864983365463,0.0364830456568031,-0.0632961972343543,0.1375,-0.0632961972343543
"protected",0.2,0.3,0.5,"one_off",-0.00402011212674078,0.0204915331396766,-0.00201613929765367,-0.249775980568755,0.05,-0.249775980568755
"protected",0.2,0.3,0.5,"annual",0.00718771765087634,-0.0149123691549582,0.0191182625900424,-0.228171096132254,0.0575,-0.228171096132254
"protected",0.2,0.3,0.5,"donate",0.0421806134472917,0.0496864983365463,0.0364830456568031,-0.2113589359156,0.085,-0.2113589359156
"protected",0.3,0,0.7,"one_off",-0.0204504035772494,0.0204915331396766,-0.0494468091846903,0.194412235474982,0.075,-0.0494468091846903
"protected",0.3,0,0.7,"annual",-0.00924257379963233,-0.0149123691549582,-0.0283124072969942,0.216017119911483,0.0775,-0.0283124072969942
"protected",0.3,0,0.7,"donate",0.025750321996783,0.0496864983365463,-0.0109476242302335,0.232829280128137,0.17,-0.0109476242302335
"protected",0.3,0.05,0.65,"one_off",-0.0163428307146223,0.0204915331396766,-0.0494468091846903,0.120380866134359,0.075,-0.0494468091846903
"protected",0.3,0.05,0.65,"annual",-0.00513500093700516,-0.0149123691549582,-0.0283124072969942,0.14198575057086,0.0825,-0.0283124072969942
"protected",0.3,0.05,0.65,"donate",0.0298578948594102,0.0496864983365463,-0.0109476242302335,0.158797910787515,0.18,-0.0109476242302335
"protected",0.3,0.1,0.6,"one_off",-0.0122352578519951,0.0204915331396766,-0.0494468091846903,0.0463494967937366,0.07,-0.0494468091846903
"protected",0.3,0.1,0.6,"annual",-0.001027428074378,-0.0149123691549582,-0.0283124072969942,0.0679543812302374,0.0775,-0.0283124072969942
"protected",0.3,0.1,0.6,"donate",0.0339654677220374,0.0496864983365463,-0.0109476242302335,0.0847665414468916,0.175,-0.0109476242302335
"protected",0.3,0.2,0.5,"one_off",-0.00402011212674078,0.0204915331396766,-0.0494468091846903,-0.101713241887509,0.05,-0.101713241887509
"protected",0.3,0.2,0.5,"annual",0.00718771765087634,-0.0149123691549582,-0.0283124072969942,-0.0801083574510084,0.055,-0.0801083574510084
"protected",0.3,0.2,0.5,"donate",0.0421806134472917,0.0496864983365463,-0.0109476242302335,-0.0632961972343543,0.12,-0.0632961972343543
"protected",0.3,0.3,0.4,"one_off",0.00419503359851355,0.0204915331396766,-0.0494468091846903,-0.249775980568755,0.0425,-0.249775980568755
"protected",0.3,0.3,0.4,"annual",0.0154028633761307,-0.0149123691549582,-0.0283124072969942,-0.228171096132254,0.05,-0.228171096132254
"protected",0.3,0.3,0.4,"donate",0.0503957591725461,0.0496864983365463,-0.0109476242302335,-0.2113589359156,0.0775,-0.2113589359156
"protected",0.4,0,0.6,"one_off",-0.0122352578519951,0.0204915331396766,-0.0968774790717268,0.194412235474982,0.055,-0.0968774790717268
"protected",0.4,0,0.6,"annual",-0.001027428074378,-0.0149123691549582,-0.0757430771840309,0.216017119911483,0.0675,-0.0757430771840309
"protected",0.4,0,0.6,"donate",0.0339654677220374,0.0496864983365463,-0.0583782941172702,0.232829280128137,0.1525,-0.0583782941172702
"protected",0.4,0.05,0.55,"one_off",-0.00812768498936795,0.0204915331396766,-0.0968774790717268,0.120380866134359,0.055,-0.0968774790717268
"protected",0.4,0.05,0.55,"annual",0.00308014478824917,-0.0149123691549582,-0.0757430771840309,0.14198575057086,0.0675,-0.0757430771840309
"protected",0.4,0.05,0.55,"donate",0.0380730405846646,0.0496864983365463,-0.0583782941172702,0.158797910787515,0.15,-0.0583782941172702
"protected",0.4,0.1,0.5,"one_off",-0.00402011212674078,0.0204915331396766,-0.0968774790717268,0.0463494967937366,0.05,-0.0968774790717268
"protected",0.4,0.1,0.5,"annual",0.00718771765087634,-0.0149123691549582,-0.0757430771840309,0.0679543812302374,0.0625,-0.0757430771840309
"protected",0.4,0.1,0.5,"donate",0.0421806134472917,0.0496864983365463,-0.0583782941172702,0.0847665414468916,0.145,-0.0583782941172702
"protected",0.4,0.2,0.4,"one_off",0.00419503359851355,0.0204915331396766,-0.0968774790717268,-0.101713241887509,0.035,-0.101713241887509
"protected",0.4,0.2,0.4,"annual",0.0154028633761307,-0.0149123691549582,-0.0757430771840309,-0.0801083574510084,0.0475,-0.0801083574510084
"protected",0.4,0.2,0.4,"donate",0.0503957591725461,0.0496864983365463,-0.0583782941172702,-0.0632961972343543,0.1025,-0.0632961972343543
"protected",0.4,0.3,0.3,"one_off",0.0124101793237679,0.0204915331396766,-0.0968774790717268,-0.249775980568755,0.035,-0.249775980568755
"protected",0.4,0.3,0.3,"annual",0.023618009101385,-0.0149123691549582,-0.0757430771840309,-0.228171096132254,0.0475,-0.228171096132254
"protected",0.4,0.3,0.3,"donate",0.0586109048978004,0.0496864983365463,-0.0583782941172702,-0.2113589359156,0.07,-0.2113589359156
"protected",0.5,0,0.5,"one_off",-0.00402011212674078,0.0204915331396766,-0.144308148958764,0.194412235474982,0.0425,-0.144308148958764
"protected",0.5,0,0.5,"annual",0.00718771765087634,-0.0149123691549582,-0.123173747071067,0.216017119911483,0.05,-0.123173747071067
"protected",0.5,0,0.5,"donate",0.0421806134472917,0.0496864983365463,-0.105808964004307,0.232829280128137,0.105,-0.105808964004307
"protected",0.5,0.05,0.45,"one_off",8.74607358863787e-05,0.0204915331396766,-0.144308148958764,0.120380866134359,0.0425,-0.144308148958764
"protected",0.5,0.05,0.45,"annual",0.0112952905135035,-0.0149123691549582,-0.123173747071067,0.14198575057086,0.05,-0.123173747071067
"protected",0.5,0.05,0.45,"donate",0.0462881863099189,0.0496864983365463,-0.105808964004307,0.158797910787515,0.1025,-0.105808964004307
"protected",0.5,0.1,0.4,"one_off",0.00419503359851355,0.0204915331396766,-0.144308148958764,0.0463494967937366,0.04,-0.144308148958764
"protected",0.5,0.1,0.4,"annual",0.0154028633761307,-0.0149123691549582,-0.123173747071067,0.0679543812302374,0.05,-0.123173747071067
"protected",0.5,0.1,0.4,"donate",0.0503957591725461,0.0496864983365463,-0.105808964004307,0.0847665414468916,0.0975,-0.105808964004307
"protected",0.5,0.2,0.3,"one_off",0.0124101793237679,0.0204915331396766,-0.144308148958764,-0.101713241887509,0.03,-0.144308148958764
"protected",0.5,0.2,0.3,"annual",0.023618009101385,-0.0149123691549582,-0.123173747071067,-0.0801083574510084,0.0375,-0.123173747071067
"protected",0.5,0.2,0.3,"donate",0.0586109048978004,0.0496864983365463,-0.105808964004307,-0.0632961972343543,0.08,-0.105808964004307
"protected",0.5,0.3,0.2,"one_off",0.0206253250490222,0.0204915331396766,-0.144308148958764,-0.249775980568755,0.03,-0.249775980568755
"protected",0.5,0.3,0.2,"annual",0.0318331548266394,-0.0149123691549582,-0.123173747071067,-0.228171096132254,0.04,-0.228171096132254
"protected",0.5,0.3,0.2,"donate",0.0668260506230547,0.0496864983365463,-0.105808964004307,-0.2113589359156,0.06,-0.2113589359156
"protected",0.6,0,0.4,"one_off",0.00419503359851355,0.0204915331396766,-0.1917388188458,0.194412235474982,0.0375,-0.1917388188458
"protected",0.6,0,0.4,"annual",0.0154028633761307,-0.0149123691549582,-0.170604416958104,0.216017119911483,0.0375,-0.170604416958104
"protected",0.6,0,0.4,"donate",0.0503957591725461,0.0496864983365463,-0.153239633891343,0.232829280128137,0.0725,-0.153239633891343
"protected",0.6,0.05,0.35,"one_off",0.00830260646114071,0.0204915331396766,-0.1917388188458,0.120380866134359,0.0375,-0.1917388188458
"protected",0.6,0.05,0.35,"annual",0.0195104362387578,-0.0149123691549582,-0.170604416958104,0.14198575057086,0.0375,-0.170604416958104
"protected",0.6,0.05,0.35,"donate",0.0545033320351732,0.0496864983365463,-0.153239633891343,0.158797910787515,0.0725,-0.153239633891343
"protected",0.6,0.1,0.3,"one_off",0.0124101793237679,0.0204915331396766,-0.1917388188458,0.0463494967937366,0.035,-0.1917388188458
"protected",0.6,0.1,0.3,"annual",0.023618009101385,-0.0149123691549582,-0.170604416958104,0.0679543812302374,0.035,-0.170604416958104
"protected",0.6,0.1,0.3,"donate",0.0586109048978004,0.0496864983365463,-0.153239633891343,0.0847665414468916,0.07,-0.153239633891343
"protected",0.6,0.2,0.2,"one_off",0.0206253250490222,0.0204915331396766,-0.1917388188458,-0.101713241887509,0.0275,-0.1917388188458
"protected",0.6,0.2,0.2,"annual",0.0318331548266394,-0.0149123691549582,-0.170604416958104,-0.0801083574510084,0.03,-0.170604416958104
"protected",0.6,0.2,0.2,"donate",0.0668260506230547,0.0496864983365463,-0.153239633891343,-0.0632961972343543,0.0575,-0.153239633891343
"protected",0.6,0.3,0.1,"one_off",0.0288404707742766,0.0204915331396766,-0.1917388188458,-0.249775980568755,0.0275,-0.249775980568755
"protected",0.6,0.3,0.1,"annual",0.0400483005518937,-0.0149123691549582,-0.170604416958104,-0.228171096132254,0.0325,-0.228171096132254
"protected",0.6,0.3,0.1,"donate",0.0750411963483091,0.0496864983365463,-0.153239633891343,-0.2113589359156,0.0425,-0.2113589359156
"exposed",0,0,1,"one_off",-0.0450958407530124,-0.127591759102896,0.0928452004764194,0.194412235474982,0.0625,-0.127591759102896
"exposed",0,0,1,"annual",-0.0338880109753954,-0.14995642568869,0.113979602364115,0.216017119911483,0.065,-0.14995642568869
"exposed",0,0,1,"donate",0.00110488482102004,0.0509029467165266,0.131344385430876,0.232829280128137,0.32,0.00110488482102004
"exposed",0,0.05,0.95,"one_off",-0.0409882678903853,-0.127591759102896,0.0928452004764194,0.120380866134359,0.055,-0.127591759102896
"exposed",0,0.05,0.95,"annual",-0.0297804381127682,-0.14995642568869,0.113979602364115,0.14198575057086,0.0675,-0.14995642568869
"exposed",0,0.05,0.95,"donate",0.00521245768364721,0.0509029467165266,0.131344385430876,0.158797910787515,0.305,0.00521245768364721
"exposed",0,0.1,0.9,"one_off",-0.0368806950277581,-0.127591759102896,0.0928452004764194,0.0463494967937366,0.04,-0.127591759102896
"exposed",0,0.1,0.9,"annual",-0.025672865250141,-0.14995642568869,0.113979602364115,0.0679543812302374,0.05,-0.14995642568869
"exposed",0,0.1,0.9,"donate",0.00932003054627437,0.0509029467165266,0.131344385430876,0.0847665414468916,0.255,0.00932003054627437
"exposed",0,0.2,0.8,"one_off",-0.0286655493025038,-0.127591759102896,0.0928452004764194,-0.101713241887509,0.015,-0.127591759102896
"exposed",0,0.2,0.8,"annual",-0.0174577195248867,-0.14995642568869,0.113979602364115,-0.0801083574510084,0.0225,-0.14995642568869
"exposed",0,0.2,0.8,"donate",0.0175351762715287,0.0509029467165266,0.131344385430876,-0.0632961972343543,0.14,-0.0632961972343543
"exposed",0,0.3,0.7,"one_off",-0.0204504035772494,-0.127591759102896,0.0928452004764194,-0.249775980568755,0.015,-0.249775980568755
"exposed",0,0.3,0.7,"annual",-0.00924257379963233,-0.14995642568869,0.113979602364115,-0.228171096132254,0.0125,-0.228171096132254
"exposed",0,0.3,0.7,"donate",0.025750321996783,0.0509029467165266,0.131344385430876,-0.2113589359156,0.1,-0.2113589359156
"exposed",0.1,0,0.9,"one_off",-0.0368806950277581,-0.127591759102896,0.0454145305893829,0.194412235474982,0.045,-0.127591759102896
"exposed",0.1,0,0.9,"annual",-0.025672865250141,-0.14995642568869,0.066548932477079,0.216017119911483,0.0575,-0.14995642568869
"exposed",0.1,0,0.9,"donate",0.00932003054627437,0.0509029467165266,0.0839137155438397,0.232829280128137,0.3025,0.00932003054627437
"exposed",0.1,0.05,0.85,"one_off",-0.032773122165131,-0.127591759102896,0.0454145305893829,0.120380866134359,0.0425,-0.127591759102896
"exposed",0.1,0.05,0.85,"annual",-0.0215652923875138,-0.14995642568869,0.066548932477079,0.14198575057086,0.055,-0.14995642568869
"exposed",0.1,0.05,0.85,"donate",0.0134276034089016,0.0509029467165266,0.0839137155438397,0.158797910787515,0.2975,0.0134276034089016
"exposed",0.1,0.1,0.8,"one_off",-0.0286655493025038,-0.127591759102896,0.0454145305893829,0.0463494967937366,0.035,-0.127591759102896
"exposed",0.1,0.1,0.8,"annual",-0.0174577195248867,-0.14995642568869,0.066548932477079,0.0679543812302374,0.04,-0.14995642568869
"exposed",0.1,0.1,0.8,"donate",0.0175351762715287,0.0509029467165266,0.0839137155438397,0.0847665414468916,0.2375,0.0175351762715287
"exposed",0.1,0.2,0.7,"one_off",-0.0204504035772494,-0.127591759102896,0.0454145305893829,-0.101713241887509,0.015,-0.127591759102896
"exposed",0.1,0.2,0.7,"annual",-0.00924257379963233,-0.14995642568869,0.066548932477079,-0.0801083574510084,0.02,-0.14995642568869
"exposed",0.1,0.2,0.7,"donate",0.025750321996783,0.0509029467165266,0.0839137155438397,-0.0632961972343543,0.1525,-0.0632961972343543
"exposed",0.1,0.3,0.6,"one_off",-0.0122352578519951,-0.127591759102896,0.0454145305893829,-0.249775980568755,0.015,-0.249775980568755
"exposed",0.1,0.3,0.6,"annual",-0.00102742807437801,-0.14995642568869,0.066548932477079,-0.228171096132254,0.0125,-0.228171096132254
"exposed",0.1,0.3,0.6,"donate",0.0339654677220374,0.0509029467165266,0.0839137155438397,-0.2113589359156,0.1,-0.2113589359156
"exposed",0.2,0,0.8,"one_off",-0.0286655493025038,-0.127591759102896,-0.00201613929765367,0.194412235474982,0.0325,-0.127591759102896
"exposed",0.2,0,0.8,"annual",-0.0174577195248867,-0.14995642568869,0.0191182625900424,0.216017119911483,0.0375,-0.14995642568869
"exposed",0.2,0,0.8,"donate",0.0175351762715287,0.0509029467165266,0.0364830456568031,0.232829280128137,0.235,0.0175351762715287
"exposed",0.2,0.05,0.75,"one_off",-0.0245579764398766,-0.127591759102896,-0.00201613929765367,0.120380866134359,0.0325,-0.127591759102896
"exposed",0.2,0.05,0.75,"annual",-0.0133501466622595,-0.14995642568869,0.0191182625900424,0.14198575057086,0.0375,-0.14995642568869
"exposed",0.2,0.05,0.75,"donate",0.0216427491341559,0.0509029467165266,0.0364830456568031,0.158797910787515,0.2475,0.0216427491341559
"exposed",0.2,0.1,0.7,"one_off",-0.0204504035772495,-0.127591759102896,-0.00201613929765367,0.0463494967937366,0.0275,-0.127591759102896
"exposed",0.2,0.1,0.7,"annual",-0.00924257379963235,-0.14995642568869,0.0191182625900424,0.0679543812302374,0.03,-0.14995642568869
"exposed",0.2,0.1,0.7,"donate",0.025750321996783,0.0509029467165266,0.0364830456568031,0.0847665414468916,0.2225,0.025750321996783
"exposed",0.2,0.2,0.6,"one_off",-0.0122352578519951,-0.127591759102896,-0.00201613929765367,-0.101713241887509,0.0125,-0.127591759102896
"exposed",0.2,0.2,0.6,"annual",-0.00102742807437801,-0.14995642568869,0.0191182625900424,-0.0801083574510084,0.0175,-0.14995642568869
"exposed",0.2,0.2,0.6,"donate",0.0339654677220374,0.0509029467165266,0.0364830456568031,-0.0632961972343543,0.14,-0.0632961972343543
"exposed",0.2,0.3,0.5,"one_off",-0.00402011212674078,-0.127591759102896,-0.00201613929765367,-0.249775980568755,0.0125,-0.249775980568755
"exposed",0.2,0.3,0.5,"annual",0.00718771765087634,-0.14995642568869,0.0191182625900424,-0.228171096132254,0.01,-0.228171096132254
"exposed",0.2,0.3,0.5,"donate",0.0421806134472917,0.0509029467165266,0.0364830456568031,-0.2113589359156,0.09,-0.2113589359156
"exposed",0.3,0,0.7,"one_off",-0.0204504035772494,-0.127591759102896,-0.0494468091846903,0.194412235474982,0.015,-0.127591759102896
"exposed",0.3,0,0.7,"annual",-0.00924257379963233,-0.14995642568869,-0.0283124072969942,0.216017119911483,0.02,-0.14995642568869
"exposed",0.3,0,0.7,"donate",0.025750321996783,0.0509029467165266,-0.0109476242302335,0.232829280128137,0.175,-0.0109476242302335
"exposed",0.3,0.05,0.65,"one_off",-0.0163428307146223,-0.127591759102896,-0.0494468091846903,0.120380866134359,0.015,-0.127591759102896
"exposed",0.3,0.05,0.65,"annual",-0.00513500093700516,-0.14995642568869,-0.0283124072969942,0.14198575057086,0.02,-0.14995642568869
"exposed",0.3,0.05,0.65,"donate",0.0298578948594102,0.0509029467165266,-0.0109476242302335,0.158797910787515,0.185,-0.0109476242302335
"exposed",0.3,0.1,0.6,"one_off",-0.0122352578519951,-0.127591759102896,-0.0494468091846903,0.0463494967937366,0.015,-0.127591759102896
"exposed",0.3,0.1,0.6,"annual",-0.001027428074378,-0.14995642568869,-0.0283124072969942,0.0679543812302374,0.02,-0.14995642568869
"exposed",0.3,0.1,0.6,"donate",0.0339654677220374,0.0509029467165266,-0.0109476242302335,0.0847665414468916,0.175,-0.0109476242302335
"exposed",0.3,0.2,0.5,"one_off",-0.00402011212674078,-0.127591759102896,-0.0494468091846903,-0.101713241887509,0.0125,-0.127591759102896
"exposed",0.3,0.2,0.5,"annual",0.00718771765087634,-0.14995642568869,-0.0283124072969942,-0.0801083574510084,0.0125,-0.14995642568869
"exposed",0.3,0.2,0.5,"donate",0.0421806134472917,0.0509029467165266,-0.0109476242302335,-0.0632961972343543,0.1225,-0.0632961972343543
"exposed",0.3,0.3,0.4,"one_off",0.00419503359851355,-0.127591759102896,-0.0494468091846903,-0.249775980568755,0.0125,-0.249775980568755
"exposed",0.3,0.3,0.4,"annual",0.0154028633761307,-0.14995642568869,-0.0283124072969942,-0.228171096132254,0.01,-0.228171096132254
"exposed",0.3,0.3,0.4,"donate",0.0503957591725461,0.0509029467165266,-0.0109476242302335,-0.2113589359156,0.0825,-0.2113589359156
"exposed",0.4,0,0.6,"one_off",-0.0122352578519951,-0.127591759102896,-0.0968774790717268,0.194412235474982,0.0125,-0.127591759102896
"exposed",0.4,0,0.6,"annual",-0.001027428074378,-0.14995642568869,-0.0757430771840309,0.216017119911483,0.0125,-0.14995642568869
"exposed",0.4,0,0.6,"donate",0.0339654677220374,0.0509029467165266,-0.0583782941172702,0.232829280128137,0.15,-0.0583782941172702
"exposed",0.4,0.05,0.55,"one_off",-0.00812768498936795,-0.127591759102896,-0.0968774790717268,0.120380866134359,0.0125,-0.127591759102896
"exposed",0.4,0.05,0.55,"annual",0.00308014478824917,-0.14995642568869,-0.0757430771840309,0.14198575057086,0.0125,-0.14995642568869
"exposed",0.4,0.05,0.55,"donate",0.0380730405846646,0.0509029467165266,-0.0583782941172702,0.158797910787515,0.1475,-0.0583782941172702
"exposed",0.4,0.1,0.5,"one_off",-0.00402011212674078,-0.127591759102896,-0.0968774790717268,0.0463494967937366,0.0125,-0.127591759102896
"exposed",0.4,0.1,0.5,"annual",0.00718771765087634,-0.14995642568869,-0.0757430771840309,0.0679543812302374,0.0125,-0.14995642568869
"exposed",0.4,0.1,0.5,"donate",0.0421806134472917,0.0509029467165266,-0.0583782941172702,0.0847665414468916,0.1425,-0.0583782941172702
"exposed",0.4,0.2,0.4,"one_off",0.00419503359851355,-0.127591759102896,-0.0968774790717268,-0.101713241887509,0.01,-0.127591759102896
"exposed",0.4,0.2,0.4,"annual",0.0154028633761307,-0.14995642568869,-0.0757430771840309,-0.0801083574510084,0.01,-0.14995642568869
"exposed",0.4,0.2,0.4,"donate",0.0503957591725461,0.0509029467165266,-0.0583782941172702,-0.0632961972343543,0.1025,-0.0632961972343543
"exposed",0.4,0.3,0.3,"one_off",0.0124101793237679,-0.127591759102896,-0.0968774790717268,-0.249775980568755,0.01,-0.249775980568755
"exposed",0.4,0.3,0.3,"annual",0.023618009101385,-0.14995642568869,-0.0757430771840309,-0.228171096132254,0.01,-0.228171096132254
"exposed",0.4,0.3,0.3,"donate",0.0586109048978004,0.0509029467165266,-0.0583782941172702,-0.2113589359156,0.0725,-0.2113589359156
"exposed",0.5,0,0.5,"one_off",-0.00402011212674078,-0.127591759102896,-0.144308148958764,0.194412235474982,0.01,-0.144308148958764
"exposed",0.5,0,0.5,"annual",0.00718771765087634,-0.14995642568869,-0.123173747071067,0.216017119911483,0.0075,-0.14995642568869
"exposed",0.5,0,0.5,"donate",0.0421806134472917,0.0509029467165266,-0.105808964004307,0.232829280128137,0.1075,-0.105808964004307
"exposed",0.5,0.05,0.45,"one_off",8.74607358863787e-05,-0.127591759102896,-0.144308148958764,0.120380866134359,0.01,-0.144308148958764
"exposed",0.5,0.05,0.45,"annual",0.0112952905135035,-0.14995642568869,-0.123173747071067,0.14198575057086,0.0075,-0.14995642568869
"exposed",0.5,0.05,0.45,"donate",0.0462881863099189,0.0509029467165266,-0.105808964004307,0.158797910787515,0.105,-0.105808964004307
"exposed",0.5,0.1,0.4,"one_off",0.00419503359851355,-0.127591759102896,-0.144308148958764,0.0463494967937366,0.01,-0.144308148958764
"exposed",0.5,0.1,0.4,"annual",0.0154028633761307,-0.14995642568869,-0.123173747071067,0.0679543812302374,0.0075,-0.14995642568869
"exposed",0.5,0.1,0.4,"donate",0.0503957591725461,0.0509029467165266,-0.105808964004307,0.0847665414468916,0.1,-0.105808964004307
"exposed",0.5,0.2,0.3,"one_off",0.0124101793237679,-0.127591759102896,-0.144308148958764,-0.101713241887509,0.01,-0.144308148958764
"exposed",0.5,0.2,0.3,"annual",0.023618009101385,-0.14995642568869,-0.123173747071067,-0.0801083574510084,0.005,-0.14995642568869
"exposed",0.5,0.2,0.3,"donate",0.0586109048978004,0.0509029467165266,-0.105808964004307,-0.0632961972343543,0.0825,-0.105808964004307
"exposed",0.5,0.3,0.2,"one_off",0.0206253250490222,-0.127591759102896,-0.144308148958764,-0.249775980568755,0.01,-0.249775980568755
"exposed",0.5,0.3,0.2,"annual",0.0318331548266394,-0.14995642568869,-0.123173747071067,-0.228171096132254,0.005,-0.228171096132254
"exposed",0.5,0.3,0.2,"donate",0.0668260506230547,0.0509029467165266,-0.105808964004307,-0.2113589359156,0.0625,-0.2113589359156
"exposed",0.6,0,0.4,"one_off",0.00419503359851355,-0.127591759102896,-0.1917388188458,0.194412235474982,0.01,-0.1917388188458
"exposed",0.6,0,0.4,"annual",0.0154028633761307,-0.14995642568869,-0.170604416958104,0.216017119911483,0.005,-0.170604416958104
"exposed",0.6,0,0.4,"donate",0.0503957591725461,0.0509029467165266,-0.153239633891343,0.232829280128137,0.075,-0.153239633891343
"exposed",0.6,0.05,0.35,"one_off",0.00830260646114071,-0.127591759102896,-0.1917388188458,0.120380866134359,0.01,-0.1917388188458
"exposed",0.6,0.05,0.35,"annual",0.0195104362387578,-0.14995642568869,-0.170604416958104,0.14198575057086,0.005,-0.170604416958104
"exposed",0.6,0.05,0.35,"donate",0.0545033320351732,0.0509029467165266,-0.153239633891343,0.158797910787515,0.075,-0.153239633891343
"exposed",0.6,0.1,0.3,"one_off",0.0124101793237679,-0.127591759102896,-0.1917388188458,0.0463494967937366,0.01,-0.1917388188458
"exposed",0.6,0.1,0.3,"annual",0.023618009101385,-0.14995642568869,-0.170604416958104,0.0679543812302374,0.005,-0.170604416958104
"exposed",0.6,0.1,0.3,"donate",0.0586109048978004,0.0509029467165266,-0.153239633891343,0.0847665414468916,0.0725,-0.153239633891343
"exposed",0.6,0.2,0.2,"one_off",0.0206253250490222,-0.127591759102896,-0.1917388188458,-0.101713241887509,0.01,-0.1917388188458
"exposed",0.6,0.2,0.2,"annual",0.0318331548266394,-0.14995642568869,-0.170604416958104,-0.0801083574510084,0.005,-0.170604416958104
"exposed",0.6,0.2,0.2,"donate",0.0668260506230547,0.0509029467165266,-0.153239633891343,-0.0632961972343543,0.06,-0.153239633891343
"exposed",0.6,0.3,0.1,"one_off",0.0288404707742766,-0.127591759102896,-0.1917388188458,-0.249775980568755,0.01,-0.249775980568755
"exposed",0.6,0.3,0.1,"annual",0.0400483005518937,-0.14995642568869,-0.170604416958104,-0.228171096132254,0.0075,-0.228171096132254
"exposed",0.6,0.3,0.1,"donate",0.0750411963483091,0.0509029467165266,-0.153239633891343,-0.2113589359156,0.045,-0.2113589359156
